Protocollo;Gruppo;DataOraIncidente;Localizzazione1;STRADA1;Localizzazione2;STRADA2;Strada02;Chilometrica;DaSpecificare;NaturaIncidente;particolaritastrade;TipoStrada;FondoStradale;Pavimentazione;Segnaletica;CondizioneAtmosferica;Traffico;Visibilita;Illuminazione;NUM_FERITI;NUM_RISERVATA;NUM_MORTI;NUM_ILLESI;Longitudine;Latitudine;Confermato;Progressivo;TipoVeicolo;StatoVeicolo;TipoPersona;Sesso;Tipolesione;Deceduto;DecedutoDopo;CinturaCascoUtilizzato;Airbag
1749697;8;12/01/2008 17:00;Strada Urbana;VIA DI TOR BELLA MONACA;in prossimità;;del palo luce n. ;.;;Veicolo in marcia contro ostacolo fisso;Curva a visuale libera;Una carreggiata a doppio senso;Bagnato (pioggia);Asfaltata;Orizzontale;Pioggia in atto;Intenso;Sufficiente;Sufficiente;0;0;0;1;;;-1;1;Autocarro inferiore 35 q.;In marcia / fermata / arresto;Conducente;M;Illeso;0;;Non accertato;Inesistente
1749698;8;13/01/2008 08:30;Strada Urbana;VIA DI TOR BELLA MONACA;da specificare;;;;15 mt dopo il ponte dir. GRA;Veicolo in marcia contro ostacolo fisso;Curva a visuale libera;Due carreggiate;Bagnato (pioggia);Asfaltata;Verticale ed orizzontale;Pioggia in atto;Normale;Buona;Ore Diurne;0;0;0;4;;;-1;1;Autovettura privata;In marcia / fermata / arresto;Conducente;M;Illeso;0;;Non accertato;Inesistente
1749698;8;13/01/2008 08:30;Strada Urbana;VIA DI TOR BELLA MONACA;da specificare;;;;15 mt dopo il ponte dir. GRA;Veicolo in marcia contro ostacolo fisso;Curva a visuale libera;Due carreggiate;Bagnato (pioggia);Asfaltata;Verticale ed orizzontale;Pioggia in atto;Normale;Buona;Ore Diurne;0;0;0;4;;;-1;1;Autovettura privata;In marcia / fermata / arresto;Passeggero;M;Illeso;0;;Non accertato;Inesistente
1749698;8;13/01/2008 08:30;Strada Urbana;VIA DI TOR BELLA MONACA;da specificare;;;;15 mt dopo il ponte dir. GRA;Veicolo in marcia contro ostacolo fisso;Curva a visuale libera;Due carreggiate;Bagnato (pioggia);Asfaltata;Verticale ed orizzontale;Pioggia in atto;Normale;Buona;Ore Diurne;0;0;0;4;;;-1;1;Autovettura privata;In marcia / fermata / arresto;Passeggero;M;Illeso;0;;Non accertato;Inesistente
1749699;8;13/01/2008 09:10;Statale entro l'abitato;VIA CASILINA;da specificare;;;;altezza piazza di Torre Gaia;Scontro frontale/laterale SX fra veicoli in marcia;Rettilineo;Una carreggiata a doppio senso;Bagnato (pioggia);Asfaltata;Verticale ed orizzontale;Nuvoloso;Normale;Buona;Ore Diurne;0;0;0;2;;;-1;1;Autovettura privata;In marcia / fermata / arresto;Conducente;M;Illeso;0;;Non accertato;Inesistente
1749699;8;13/01/2008 09:10;Statale entro l'abitato;VIA CASILINA;da specificare;;;;altezza piazza di Torre Gaia;Scontro frontale/laterale SX fra veicoli in marcia;Rettilineo;Una carreggiata a doppio senso;Bagnato (pioggia);Asfaltata;Verticale ed orizzontale;Nuvoloso;Normale;Buona;Ore Diurne;0;0;0;2;;;-1;2;Autovettura privata;In marcia / fermata / arresto;Conducente;M;Illeso;0;;Non accertato;Inesistente
1749700;8;13/01/2008 14:05;Strada Urbana;VIA AMICO ASPERTINI;all'intersezione con;VIA DOMENICO PARASACCHI;VIA DOMENICO PARASACCHI;;;Scontro frontale/laterale SX fra veicoli in marcia;Intersezione stradale segnalata;Una carreggiata a doppio senso;Bagnato (umidità in atto);Asfaltata;Verticale ed orizzontale;Nuvoloso;Scarso;Buona;Ore Diurne;0;0;0;2;;;-1;1;Autovettura privata;In marcia / fermata / arresto;Conducente;M;Illeso;0;;Non accertato;Inesploso
1749700;8;13/01/2008 14:05;Strada Urbana;VIA AMICO ASPERTINI;all'intersezione con;VIA DOMENICO PARASACCHI;VIA DOMENICO PARASACCHI;;;Scontro frontale/laterale SX fra veicoli in marcia;Intersezione stradale segnalata;Una carreggiata a doppio senso;Bagnato (umidità in atto);Asfaltata;Verticale ed orizzontale;Nuvoloso;Scarso;Buona;Ore Diurne;0;0;0;2;;;-1;2;Autovettura privata;In marcia / fermata / arresto;Conducente;M;Illeso;0;;Non accertato;Inesploso
1749701;8;13/01/2008 15:00;Strada Urbana;VIA GIUSEPPE MARTELLOTTI;all'intersezione con;VIA SETTIMIO DI VICO;VIA SETTIMIO DI VICO;;;Scontro frontale/laterale DX fra veicoli in marcia;Intersezione non regolata/non segnalata;Una carreggiata a doppio senso;Asciutto;Asfaltata;Assente;Sereno;Scarso;Buona;Ore Diurne;0;0;0;3;;;-1;1;Autovettura privata;In marcia / fermata / arresto;Conducente;M;Illeso;0;;Non accertato;Inesistente
1749701;8;13/01/2008 15:00;Strada Urbana;VIA GIUSEPPE MARTELLOTTI;all'intersezione con;VIA SETTIMIO DI VICO;VIA SETTIMIO DI VICO;;;Scontro frontale/laterale DX fra veicoli in marcia;Intersezione non regolata/non segnalata;Una carreggiata a doppio senso;Asciutto;Asfaltata;Assente;Sereno;Scarso;Buona;Ore Diurne;0;0;0;3;;;-1;2;Autovettura privata;In marcia / fermata / arresto;Conducente;M;Illeso;0;;Non accertato;Inesistente
1749701;8;13/01/2008 15:00;Strada Urbana;VIA GIUSEPPE MARTELLOTTI;all'intersezione con;VIA SETTIMIO DI VICO;VIA SETTIMIO DI VICO;;;Scontro frontale/laterale DX fra veicoli in marcia;Intersezione non regolata/non segnalata;Una carreggiata a doppio senso;Asciutto;Asfaltata;Assente;Sereno;Scarso;Buona;Ore Diurne;0;0;0;3;;;-1;2;Autovettura privata;In marcia / fermata / arresto;Passeggero;F;Illeso;0;;Non accertato;Inesistente
1749702;8;13/01/2008 15:00;Strada Urbana;VIA GIOVANNI ARTUSI;all'intersezione con;VIA LEONARDO AGOSTINI;VIA LEONARDO AGOSTINI;;;Scontro laterale fra veicoli in marcia;Incrocio;Una carreggiata a doppio senso;Asciutto;Asfaltata;Verticale;Nuvoloso;Scarso;Sufficiente;Ore Diurne;0;0;0;2;;;-1;1;Autovettura privata;In marcia / fermata / arresto;Conducente;M;Illeso;0;;Non accertato;Inesistente
1749702;8;13/01/2008 15:00;Strada Urbana;VIA GIOVANNI ARTUSI;all'intersezione con;VIA LEONARDO AGOSTINI;VIA LEONARDO AGOSTINI;;;Scontro laterale fra veicoli in marcia;Incrocio;Una carreggiata a doppio senso;Asciutto;Asfaltata;Verticale;Nuvoloso;Scarso;Sufficiente;Ore Diurne;0;0;0;2;;;-1;2;Autovettura privata;In marcia / fermata / arresto;Conducente;M;Illeso;0;;Non accertato;Inesistente
1749703;8;13/01/2008 15:20;Comunale extraurbana;VIA COLLATINA;da specificare;;;;100 metri da via Cigali;Veicolo in marcia contro ostacolo fisso;Rettilineo;Una carreggiata a doppio senso;Bagnato (pioggia);Con buche;Assente;Nuvoloso;Normale;Buona;Ore Diurne;0;0;0;1;;;-1;1;Autovettura privata;In marcia / fermata / arresto;Conducente;M;Illeso;0;;Non accertato;Inesploso
1749704;8;13/01/2008 17:50;Strada Urbana;VIA PRENESTINA;in prossimità;;del civico n. ;1150;;Veicolo in marcia contro ostacolo fisso;Rettilineo;Una carreggiata a doppio senso;Bagnato (pioggia);Con buche;Orizzontale;Nuvoloso;Normale;Sufficiente;Insufficiente;0;0;0;2;;;-1;1;Autovettura privata;In marcia / fermata / arresto;Conducente;F;Illeso;0;;Non accertato;Inesistente
1749704;8;13/01/2008 17:50;Strada Urbana;VIA PRENESTINA;in prossimità;;del civico n. ;1150;;Veicolo in marcia contro ostacolo fisso;Rettilineo;Una carreggiata a doppio senso;Bagnato (pioggia);Con buche;Orizzontale;Nuvoloso;Normale;Sufficiente;Insufficiente;0;0;0;2;;;-1;1;Autovettura privata;In marcia / fermata / arresto;Passeggero;M;Illeso;0;;Non accertato;Inesistente
1749705;8;13/01/2008 22:10;Strada Urbana;VIALE PAOLO FERDINANDO QUAGLIA;in corrispondenza;;del civico n. ;80;;Veicolo in marcia contro ostacolo fisso;Rettilineo;Una carreggiata a doppio senso;Bagnato (umidità in atto);Strada pavimentata dissestata;Orizzontale;Nuvoloso;Scarso;Sufficiente;Sufficiente;0;0;0;1;;;-1;1;Autovettura privata;In marcia / fermata / arresto;Conducente;M;Illeso;0;;Non accertato;Inesploso
1749706;8;13/01/2008 22:15;Strada Urbana;VIALE PAOLO FERDINANDO QUAGLIA;in corrispondenza;;del civico n. ;80;;Veicolo in marcia contro ostacolo fisso;Rettilineo;Una carreggiata a doppio senso;Bagnato (umidità in atto);Strada pavimentata dissestata;Orizzontale;Nuvoloso;Scarso;Sufficiente;Sufficiente;0;0;0;1;;;-1;1;Autovettura privata;In marcia / fermata / arresto;Conducente;F;Illeso;0;;Non accertato;Inesploso
1749707;8;14/01/2008 01:40;Strada Urbana;VIA DI TOR BELLA MONACA;all'intersezione con;VIALE PIETRO ANDERLONI;VIALE PIETRO ANDERLONI;;;Scontro laterale fra veicoli in marcia;Incrocio;Una carreggiata a doppio senso;Bagnato (umidità in atto);Asfaltata;Orizzontale;Nuvoloso;Scarso;Insufficiente;Insufficiente;1;0;0;1;;;-1;1;Autovettura privata;In marcia / fermata / arresto;Conducente;M;Illeso;0;;Utilizzato;Inesistente
1749707;8;14/01/2008 01:40;Strada Urbana;VIA DI TOR BELLA MONACA;all'intersezione con;VIALE PIETRO ANDERLONI;VIALE PIETRO ANDERLONI;;;Scontro laterale fra veicoli in marcia;Incrocio;Una carreggiata a doppio senso;Bagnato (umidità in atto);Asfaltata;Orizzontale;Nuvoloso;Scarso;Insufficiente;Insufficiente;1;0;0;1;;;-1;2;Autovettura privata;In marcia / fermata / arresto;Conducente;F;Rimandato;0;NON DECEDUTO;Non accertato;Inesistente
1749708;9;12/01/2008 19:05;Strada Urbana;VIA TARANTO;all'intersezione con;VIA CESENA;VIA CESENA;;;Scontro frontale/laterale DX fra veicoli in marcia;Intersezione stradale segnalata;Una carreggiata a doppio senso;Bagnato (pioggia);Asfaltata;Verticale ed orizzontale;Pioggia in atto;Normale;Sufficiente;Sufficiente;0;0;0;2;;;-1;1;Autovettura di polizia;In marcia / fermata / arresto;Conducente;M;Illeso;0;;Esente;Inesistente
1749708;9;12/01/2008 19:05;Strada Urbana;VIA TARANTO;all'intersezione con;VIA CESENA;VIA CESENA;;;Scontro frontale/laterale DX fra veicoli in marcia;Intersezione stradale segnalata;Una carreggiata a doppio senso;Bagnato (pioggia);Asfaltata;Verticale ed orizzontale;Pioggia in atto;Normale;Sufficiente;Sufficiente;0;0;0;2;;;-1;2;Autovettura privata;In marcia / fermata / arresto;Conducente;M;Illeso;0;;Utilizzato;Inesistente
1749710;9;13/01/2008 08:45;Strada Urbana;VIA APPIA NUOVA;da specificare;;;;fronte civico 803;Veicolo in marcia contro veicolo fermo;Rettilineo;Due carreggiate;Bagnato (pioggia);Asfaltata;Verticale ed orizzontale;Nuvoloso;Scarso;Sufficiente;Ore Diurne;1;0;0;2;;;-1;1;Autovettura privata;In marcia / fermata / arresto;Conducente;F;Rimandato;0;NON DECEDUTO;Utilizzato;Inesistente
1749710;9;13/01/2008 08:45;Strada Urbana;VIA APPIA NUOVA;da specificare;;;;fronte civico 803;Veicolo in marcia contro veicolo fermo;Rettilineo;Due carreggiate;Bagnato (pioggia);Asfaltata;Verticale ed orizzontale;Nuvoloso;Scarso;Sufficiente;Ore Diurne;1;0;0;2;;;-1;2;Autovettura privata;In marcia / fermata / arresto;Conducente;M;Illeso;0;;Utilizzato;Inesistente
1749710;9;13/01/2008 08:45;Strada Urbana;VIA APPIA NUOVA;da specificare;;;;fronte civico 803;Veicolo in marcia contro veicolo fermo;Rettilineo;Due carreggiate;Bagnato (pioggia);Asfaltata;Verticale ed orizzontale;Nuvoloso;Scarso;Sufficiente;Ore Diurne;1;0;0;2;;;-1;2;Autovettura privata;In marcia / fermata / arresto;Passeggero;M;Illeso;0;;Utilizzato;Inesistente
1749711;9;13/01/2008 10:30;Strada Urbana;VIA APPIA NUOVA;da specificare;;;;fronte via allumiere;Scontro laterale fra veicoli in marcia;Rettilineo;Due carreggiate;Asciutto;Asfaltata;Verticale ed orizzontale;Nuvoloso;Normale;Buona;Ore Diurne;0;0;0;3;;;-1;1;Autocarro inferiore 35 q.;In marcia / fermata / arresto;Conducente;M;Illeso;0;;Non accertato;Inesistente
1749711;9;13/01/2008 10:30;Strada Urbana;VIA APPIA NUOVA;da specificare;;;;fronte via allumiere;Scontro laterale fra veicoli in marcia;Rettilineo;Due carreggiate;Asciutto;Asfaltata;Verticale ed orizzontale;Nuvoloso;Normale;Buona;Ore Diurne;0;0;0;3;;;-1;2;Autovettura privata;In marcia / fermata / arresto;Conducente;M;Illeso;0;;Non accertato;Inesistente
1749711;9;13/01/2008 10:30;Strada Urbana;VIA APPIA NUOVA;da specificare;;;;fronte via allumiere;Scontro laterale fra veicoli in marcia;Rettilineo;Due carreggiate;Asciutto;Asfaltata;Verticale ed orizzontale;Nuvoloso;Normale;Buona;Ore Diurne;0;0;0;3;;;-1;2;Autovettura privata;In marcia / fermata / arresto;Passeggero;F;Illeso;0;;Non accertato;Inesistente
1749712;9;13/01/2008 14:00;Strada Urbana;VIA TUSCOLANA;in prossimità;;del civico n. ;728;;Veicolo in marcia contro veicoli fermi;Curva a visuale libera;Una carreggiata a senso unico di marcia;Bagnato (pioggia);Asfaltata;Orizzontale;Nuvoloso;Normale;Buona;Ore Diurne;0;0;0;1;;;-1;1;Autovettura privata;In marcia / fermata / arresto;Conducente;F;Illeso;0;;Non accertato;Inesploso
1749713;10;11/01/2008 08:25;Strada Urbana;VIA ORAZIO PULVILLO;all'intersezione con;VIA LICINIO STOLONE;VIA LICINIO STOLONE;;;Scontro laterale fra veicoli in marcia;Incrocio;Una carreggiata a doppio senso;Bagnato (pioggia);Asfaltata;Verticale ed orizzontale;Nuvoloso;Normale;Buona;Ore Diurne;1;0;0;2;;;-1;1;Autovettura privata;In marcia / fermata / arresto;Conducente;F;Illeso;0;;Non accertato;Inesistente
1749713;10;11/01/2008 08:25;Strada Urbana;VIA ORAZIO PULVILLO;all'intersezione con;VIA LICINIO STOLONE;VIA LICINIO STOLONE;;;Scontro laterale fra veicoli in marcia;Incrocio;Una carreggiata a doppio senso;Bagnato (pioggia);Asfaltata;Verticale ed orizzontale;Nuvoloso;Normale;Buona;Ore Diurne;1;0;0;2;;;-1;1;Autovettura privata;In marcia / fermata / arresto;Passeggero;M;Illeso;0;;Non accertato;Inesistente
1749713;10;11/01/2008 08:25;Strada Urbana;VIA ORAZIO PULVILLO;all'intersezione con;VIA LICINIO STOLONE;VIA LICINIO STOLONE;;;Scontro laterale fra veicoli in marcia;Incrocio;Una carreggiata a doppio senso;Bagnato (pioggia);Asfaltata;Verticale ed orizzontale;Nuvoloso;Normale;Buona;Ore Diurne;1;0;0;2;;;-1;2;Motociclo a solo;In marcia / fermata / arresto;Conducente;F;Rimandato;0;NON DECEDUTO;Non accertato;Inesistente
1749714;10;11/01/2008 09:20;Strada Urbana;PIAZZA S. GIOVANNI BOSCO;all'intersezione con;VIALE MARCO FULVIO NOBILIORE;VIALE MARCO FULVIO NOBILIORE;;;Scontro frontale/laterale SX fra veicoli in marcia;Incrocio;Due carreggiate;Asciutto;Asfaltata;Verticale;Nuvoloso;Normale;Buona;Ore Diurne;0;0;0;2;;;-1;1;Autovettura privata;In marcia / fermata / arresto;Conducente;F;Illeso;0;;Non accertato;Inesploso
1749714;10;11/01/2008 09:20;Strada Urbana;PIAZZA S. GIOVANNI BOSCO;all'intersezione con;VIALE MARCO FULVIO NOBILIORE;VIALE MARCO FULVIO NOBILIORE;;;Scontro frontale/laterale SX fra veicoli in marcia;Incrocio;Due carreggiate;Asciutto;Asfaltata;Verticale;Nuvoloso;Normale;Buona;Ore Diurne;0;0;0;2;;;-1;2;Autovettura privata;In marcia / fermata / arresto;Conducente;M;Illeso;0;;Non accertato;Inesistente
1749715;10;11/01/2008 10:40;Strada Urbana;VIA SCRIBONIO CURIONE;in prossimità;;del civico n. ;77;;Scontro laterale fra veicoli in marcia;Rettilineo;Due carreggiate;Asciutto;Asfaltata;Verticale;Nuvoloso;Normale;Buona;Ore Diurne;1;0;0;1;;;-1;1;Autocarro inferiore 35 q.;In marcia / fermata / arresto;Conducente;M;Illeso;0;;Non accertato;Inesistente
1749715;10;11/01/2008 10:40;Strada Urbana;VIA SCRIBONIO CURIONE;in prossimità;;del civico n. ;77;;Scontro laterale fra veicoli in marcia;Rettilineo;Due carreggiate;Asciutto;Asfaltata;Verticale;Nuvoloso;Normale;Buona;Ore Diurne;1;0;0;1;;;-1;2;Motociclo con passeggero;In marcia / fermata / arresto;Conducente;M;Rifiuta cure immediate;0;NON DECEDUTO;Non accertato;Inesistente
1749716;10;11/01/2008 16:15;Strada Urbana;VIA DEL CASALE AGOSTINELLI;in prossimità;;del civico n. ;151;;Scontro laterale fra veicoli in marcia;Rettilineo;Una carreggiata a doppio senso;Bagnato (umidità in atto);Asfaltata;Assente;Nuvoloso;Scarso;Buona;Sufficiente;1;0;0;1;;;-1;1;Motociclo a solo;In marcia / fermata / arresto;Conducente;M;Rifiuta cure immediate;0;NON DECEDUTO;Non accertato;Inesistente
1749716;10;11/01/2008 16:15;Strada Urbana;VIA DEL CASALE AGOSTINELLI;in prossimità;;del civico n. ;151;;Scontro laterale fra veicoli in marcia;Rettilineo;Una carreggiata a doppio senso;Bagnato (umidità in atto);Asfaltata;Assente;Nuvoloso;Scarso;Buona;Sufficiente;1;0;0;1;;;-1;2;Autovettura privata;In marcia / fermata / arresto;Conducente;F;Illeso;0;;Non accertato;Inesploso
1749717;10;11/01/2008 18:40;Strada Urbana;VIALE ANTONIO CIAMARRA;all'intersezione con;VIALE BRUNO RIZZIERI;VIALE BRUNO RIZZIERI;;;Scontro frontale/laterale DX fra veicoli in marcia;Incrocio;Due carreggiate;Asciutto;Asfaltata;Verticale ed orizzontale;Sereno;Normale;Sufficiente;Inesistente;1;0;0;3;;;-1;1;Autovettura privata;In marcia / fermata / arresto;Conducente;M;Illeso;0;;Non accertato;Inesistente
1749717;10;11/01/2008 18:40;Strada Urbana;VIALE ANTONIO CIAMARRA;all'intersezione con;VIALE BRUNO RIZZIERI;VIALE BRUNO RIZZIERI;;;Scontro frontale/laterale DX fra veicoli in marcia;Incrocio;Due carreggiate;Asciutto;Asfaltata;Verticale ed orizzontale;Sereno;Normale;Sufficiente;Inesistente;1;0;0;3;;;-1;1;Autovettura privata;In marcia / fermata / arresto;Passeggero;F;Rimandato;0;NON DECEDUTO;Non accertato;Inesistente
1749717;10;11/01/2008 18:40;Strada Urbana;VIALE ANTONIO CIAMARRA;all'intersezione con;VIALE BRUNO RIZZIERI;VIALE BRUNO RIZZIERI;;;Scontro frontale/laterale DX fra veicoli in marcia;Incrocio;Due carreggiate;Asciutto;Asfaltata;Verticale ed orizzontale;Sereno;Normale;Sufficiente;Inesistente;1;0;0;3;;;-1;2;Autovettura privata;In marcia / fermata / arresto;Conducente;F;Illeso;0;;Non accertato;Inesistente
1749717;10;11/01/2008 18:40;Strada Urbana;VIALE ANTONIO CIAMARRA;all'intersezione con;VIALE BRUNO RIZZIERI;VIALE BRUNO RIZZIERI;;;Scontro frontale/laterale DX fra veicoli in marcia;Incrocio;Due carreggiate;Asciutto;Asfaltata;Verticale ed orizzontale;Sereno;Normale;Sufficiente;Inesistente;1;0;0;3;;;-1;2;Autovettura privata;In marcia / fermata / arresto;Passeggero;M;Illeso;0;;Non accertato;Inesistente
1749718;10;11/01/2008 20:00;Strada Urbana;VIA BERNARDINO ALIMENA;all'intersezione con;VIA EMANUELE CARNEVALE;VIA EMANUELE CARNEVALE;;;Scontro frontale fra veicoli in marcia;Incrocio;Due carreggiate;Asciutto;Asfaltata;Orizzontale;Nuvoloso;Normale;Buona;Sufficiente;2;0;0;3;;;-1;1;Autovettura privata;In marcia / fermata / arresto;Conducente;M;Rimandato;0;NON DECEDUTO;Non accertato;Inesistente
1749718;10;11/01/2008 20:00;Strada Urbana;VIA BERNARDINO ALIMENA;all'intersezione con;VIA EMANUELE CARNEVALE;VIA EMANUELE CARNEVALE;;;Scontro frontale fra veicoli in marcia;Incrocio;Due carreggiate;Asciutto;Asfaltata;Orizzontale;Nuvoloso;Normale;Buona;Sufficiente;2;0;0;3;;;-1;1;Autovettura privata;In marcia / fermata / arresto;Passeggero;M;Rimandato;0;NON DECEDUTO;Non accertato;Inesistente
1749718;10;11/01/2008 20:00;Strada Urbana;VIA BERNARDINO ALIMENA;all'intersezione con;VIA EMANUELE CARNEVALE;VIA EMANUELE CARNEVALE;;;Scontro frontale fra veicoli in marcia;Incrocio;Due carreggiate;Asciutto;Asfaltata;Orizzontale;Nuvoloso;Normale;Buona;Sufficiente;2;0;0;3;;;-1;1;Autovettura privata;In marcia / fermata / arresto;Passeggero;F;Illeso;0;;Non accertato;Inesistente
1749718;10;11/01/2008 20:00;Strada Urbana;VIA BERNARDINO ALIMENA;all'intersezione con;VIA EMANUELE CARNEVALE;VIA EMANUELE CARNEVALE;;;Scontro frontale fra veicoli in marcia;Incrocio;Due carreggiate;Asciutto;Asfaltata;Orizzontale;Nuvoloso;Normale;Buona;Sufficiente;2;0;0;3;;;-1;2;Autovettura privata;In marcia / fermata / arresto;Conducente;F;Illeso;0;;Utilizzato;Inesistente
1749718;10;11/01/2008 20:00;Strada Urbana;VIA BERNARDINO ALIMENA;all'intersezione con;VIA EMANUELE CARNEVALE;VIA EMANUELE CARNEVALE;;;Scontro frontale fra veicoli in marcia;Incrocio;Due carreggiate;Asciutto;Asfaltata;Orizzontale;Nuvoloso;Normale;Buona;Sufficiente;2;0;0;3;;;-1;2;Autovettura privata;In marcia / fermata / arresto;Passeggero;M;Illeso;0;;Non accertato;Inesistente
1749719;10;12/01/2008 00:01;Statale entro l'abitato;VIA TUSCOLANA;all'intersezione semaforizzata con;VIA GASPERINA;VIA GASPERINA;;;Scontro frontale/laterale DX fra veicoli in marcia;Incrocio;Più di due carreggiate;Bagnato (umidità in atto);Asfaltata;Verticale ed orizzontale;Nuvoloso;Scarso;Buona;Sufficiente;4;0;0;0;;;-1;1;Autovettura privata;In marcia / fermata / arresto;Conducente;M;Rimandato;0;NON DECEDUTO;Non accertato;Esploso
1749719;10;12/01/2008 00:01;Statale entro l'abitato;VIA TUSCOLANA;all'intersezione semaforizzata con;VIA GASPERINA;VIA GASPERINA;;;Scontro frontale/laterale DX fra veicoli in marcia;Incrocio;Più di due carreggiate;Bagnato (umidità in atto);Asfaltata;Verticale ed orizzontale;Nuvoloso;Scarso;Buona;Sufficiente;4;0;0;0;;;-1;1;Autovettura privata;In marcia / fermata / arresto;Passeggero;F;Rimandato;0;NON DECEDUTO;Non accertato;Inesistente
1749719;10;12/01/2008 00:01;Statale entro l'abitato;VIA TUSCOLANA;all'intersezione semaforizzata con;VIA GASPERINA;VIA GASPERINA;;;Scontro frontale/laterale DX fra veicoli in marcia;Incrocio;Più di due carreggiate;Bagnato (umidità in atto);Asfaltata;Verticale ed orizzontale;Nuvoloso;Scarso;Buona;Sufficiente;4;0;0;0;;;-1;2;Autovettura privata;In marcia / fermata / arresto;Conducente;M;Rimandato;0;NON DECEDUTO;Non accertato;Inesistente
1749719;10;12/01/2008 00:01;Statale entro l'abitato;VIA TUSCOLANA;all'intersezione semaforizzata con;VIA GASPERINA;VIA GASPERINA;;;Scontro frontale/laterale DX fra veicoli in marcia;Incrocio;Più di due carreggiate;Bagnato (umidità in atto);Asfaltata;Verticale ed orizzontale;Nuvoloso;Scarso;Buona;Sufficiente;4;0;0;0;;;-1;2;Autovettura privata;In marcia / fermata / arresto;Passeggero;M;Rimandato;0;NON DECEDUTO;Non accertato;Inesistente
1749720;10;12/01/2008 04:30;Strada Urbana;VIA PIETRO MARCHISIO;in prossimità;;del civico n. ;221;;Veicoli in marcia contro veicoli fermi;Rettilineo;Una carreggiata a senso unico di marcia;Bagnato (pioggia);Asfaltata;Assente;Nuvoloso;Scarso;Sufficiente;Sufficiente;0;0;0;1;;;-1;1;Autovettura privata;In marcia / fermata / arresto;Conducente;M;Illeso;0;;Non accertato;Inesistente
1749721;10;12/01/2008 06:10;Strada Urbana;VIALE MARCO FULVIO NOBILIORE;all'intersezione con;VIA FLAVIO STILICONE;VIA FLAVIO STILICONE;;;Scontro frontale/laterale DX fra veicoli in marcia;Incrocio;Due carreggiate;Bagnato (pioggia);Asfaltata;Verticale ed orizzontale;Pioggia in atto;Scarso;Sufficiente;Sufficiente;0;0;0;1;;;-1;1;Autocarro inferiore 35 q.;In marcia / fermata / arresto;Conducente;M;Illeso;0;;Non accertato;Inesploso
1749722;10;12/01/2008 08:50;Statale entro l'abitato;VIA TUSCOLANA;in corrispondenza;;del civico n. ;1679/D;;Tamponamento;Rettilineo;Due carreggiate;Bagnato (pioggia);Asfaltata;Verticale ed orizzontale;Pioggia in atto;Normale;Buona;Ore Diurne;0;0;0;2;;;-1;1;Autovettura privata;In marcia / fermata / arresto;Conducente;F;Illeso;0;;Non accertato;Inesploso
1749722;10;12/01/2008 08:50;Statale entro l'abitato;VIA TUSCOLANA;in corrispondenza;;del civico n. ;1679/D;;Tamponamento;Rettilineo;Due carreggiate;Bagnato (pioggia);Asfaltata;Verticale ed orizzontale;Pioggia in atto;Normale;Buona;Ore Diurne;0;0;0;2;;;-1;2;Autovettura privata;In marcia / fermata / arresto;Conducente;M;Illeso;0;;Non accertato;Inesploso
1749723;10;12/01/2008 12:00;Statale;VIA TUSCOLANA;da specificare;;;;DIREZ. FRASCATI SEMAFORO ALT.INV. PER V.PETROCELLI;Tamponamento Multiplo;Rettilineo;Due carreggiate;Bagnato (pioggia);Asfaltata;Verticale ed orizzontale;Nuvoloso;Normale;Buona;Ore Diurne;0;0;0;5;;;-1;1;Autovettura privata;In marcia / fermata / arresto;Conducente;M;Illeso;0;;Non accertato;Inesploso
1749723;10;12/01/2008 12:00;Statale;VIA TUSCOLANA;da specificare;;;;DIREZ. FRASCATI SEMAFORO ALT.INV. PER V.PETROCELLI;Tamponamento Multiplo;Rettilineo;Due carreggiate;Bagnato (pioggia);Asfaltata;Verticale ed orizzontale;Nuvoloso;Normale;Buona;Ore Diurne;0;0;0;5;;;-1;1;Autovettura privata;In marcia / fermata / arresto;Passeggero;M;Illeso;0;;Non accertato;Inesistente
1749723;10;12/01/2008 12:00;Statale;VIA TUSCOLANA;da specificare;;;;DIREZ. FRASCATI SEMAFORO ALT.INV. PER V.PETROCELLI;Tamponamento Multiplo;Rettilineo;Due carreggiate;Bagnato (pioggia);Asfaltata;Verticale ed orizzontale;Nuvoloso;Normale;Buona;Ore Diurne;0;0;0;5;;;-1;2;Autovettura privata;In marcia / fermata / arresto;Conducente;M;Illeso;0;;Non accertato;Inesploso
1749723;10;12/01/2008 12:00;Statale;VIA TUSCOLANA;da specificare;;;;DIREZ. FRASCATI SEMAFORO ALT.INV. PER V.PETROCELLI;Tamponamento Multiplo;Rettilineo;Due carreggiate;Bagnato (pioggia);Asfaltata;Verticale ed orizzontale;Nuvoloso;Normale;Buona;Ore Diurne;0;0;0;5;;;-1;2;Autovettura privata;In marcia / fermata / arresto;Passeggero;M;Illeso;0;;Non accertato;Inesistente
1749723;10;12/01/2008 12:00;Statale;VIA TUSCOLANA;da specificare;;;;DIREZ. FRASCATI SEMAFORO ALT.INV. PER V.PETROCELLI;Tamponamento Multiplo;Rettilineo;Due carreggiate;Bagnato (pioggia);Asfaltata;Verticale ed orizzontale;Nuvoloso;Normale;Buona;Ore Diurne;0;0;0;5;;;-1;3;Autovettura privata;In marcia / fermata / arresto;Conducente;M;Illeso;0;;Non accertato;Inesistente
1749724;10;12/01/2008 14:50;Strada Urbana;PIAZZA QUINTO CURZIO;all'intersezione con;VIA QUINTO PUBLICIO;VIA QUINTO PUBLICIO;;;Investimento di pedone;Incrocio;Una carreggiata a senso unico di marcia;Bagnato (pioggia);Asfaltata;Orizzontale;Pioggia in atto;Normale;Insufficiente;Ore Diurne;1;0;0;1;;;-1;;;;Pedone;M;Rimandato;0;NON DECEDUTO;;