Protocollo;Gruppo;DataOraIncidente;Localizzazione1;STRADA1;Localizzazione2;STRADA2;Strada02;Chilometrica;DaSpecificare;NaturaIncidente;particolaritastrade;TipoStrada;FondoStradale;Pavimentazione;Segnaletica;CondizioneAtmosferica;Traffico;Visibilita;Illuminazione;NUM_FERITI;NUM_RISERVATA;NUM_MORTI;NUM_ILLESI;Longitudine;Latitudine;Confermato;Progressivo;TipoVeicolo;StatoVeicolo;TipoPersona;Sesso;Tipolesione;Deceduto;DecedutoDopo;CinturaCascoUtilizzato;Airbag
1749724;10;12/01/2008 14:50;Strada Urbana;PIAZZA QUINTO CURZIO;all'intersezione con;VIA QUINTO PUBLICIO;VIA QUINTO PUBLICIO;;;Investimento di pedone;Incrocio;Una carreggiata a senso unico di marcia;Bagnato (pioggia);Asfaltata;Orizzontale;Pioggia in atto;Normale;Insufficiente;Ore Diurne;1;0;0;1;;;-1;1;Autovettura privata;In marcia / fermata / arresto;Conducente;M;Illeso;0;;Non accertato;Inesistente
1749726;10;13/01/2008 01:50;Statale entro l'abitato;VIA TUSCOLANA;da specificare;;;;RAMPA GRA DIREZIONE VIA  APPIA;Veicolo in marcia contro ostacolo fisso;Curva a visuale libera;Due carreggiate;Asciutto;Asfaltata;Verticale ed orizzontale;Sereno;Normale;Buona;Sufficiente;2;0;0;0;;;-1;1;Autovettura privata;In marcia / fermata / arresto;Conducente;F;Rimandato;0;NON DECEDUTO;Non accertato;Inesistente
1749726;10;13/01/2008 01:50;Statale entro l'abitato;VIA TUSCOLANA;da specificare;;;;RAMPA GRA DIREZIONE VIA  APPIA;Veicolo in marcia contro ostacolo fisso;Curva a visuale libera;Due carreggiate;Asciutto;Asfaltata;Verticale ed orizzontale;Sereno;Normale;Buona;Sufficiente;2;0;0;0;;;-1;1;Autovettura privata;In marcia / fermata / arresto;Passeggero;F;Rimandato;0;NON DECEDUTO;Non accertato;Inesistente
1749727;10;13/01/2008 06:10;Statale entro l'abitato;VIA TUSCOLANA;all'intersezione semaforizzata con;VIA OTELLO STEFANINI;VIA OTELLO STEFANINI;;;Scontro laterale fra veicoli in marcia;Incrocio;Due carreggiate;Bagnato (pioggia);Asfaltata;Verticale ed orizzontale;Nuvoloso;Scarso;Sufficiente;Ore Diurne;0;0;0;2;;;-1;1;Autovettura privata;In marcia / fermata / arresto;Conducente;M;Illeso;0;;Non accertato;Inesploso
1749727;10;13/01/2008 06:10;Statale entro l'abitato;VIA TUSCOLANA;all'intersezione semaforizzata con;VIA OTELLO STEFANINI;VIA OTELLO STEFANINI;;;Scontro laterale fra veicoli in marcia;Incrocio;Due carreggiate;Bagnato (pioggia);Asfaltata;Verticale ed orizzontale;Nuvoloso;Scarso;Sufficiente;Ore Diurne;0;0;0;2;;;-1;2;Autocarro inferiore 35 q.;In marcia / fermata / arresto;Conducente;M;Illeso;0;;Non accertato;Inesistente
1749728;10;13/01/2008 10:45;Strada Urbana;VIA BERNARDINO ALIMENA;all'intersezione con;VIA TANCREDI CANONICO;VIA TANCREDI CANONICO;;;Scontro laterale fra veicoli in marcia;Incrocio;Una carreggiata a doppio senso;Bagnato (pioggia);Asfaltata;Assente;Nuvoloso;Normale;Sufficiente;Ore Diurne;3;0;0;0;;;-1;1;Autovettura privata;In marcia / fermata / arresto;Conducente;M;Rimandato;0;NON DECEDUTO;Non accertato;Inesploso
1749728;10;13/01/2008 10:45;Strada Urbana;VIA BERNARDINO ALIMENA;all'intersezione con;VIA TANCREDI CANONICO;VIA TANCREDI CANONICO;;;Scontro laterale fra veicoli in marcia;Incrocio;Una carreggiata a doppio senso;Bagnato (pioggia);Asfaltata;Assente;Nuvoloso;Normale;Sufficiente;Ore Diurne;3;0;0;0;;;-1;2;Autovettura privata;In marcia / fermata / arresto;Conducente;M;Rifiuta cure immediate;0;NON DECEDUTO;Non accertato;Inesploso
1749728;10;13/01/2008 10:45;Strada Urbana;VIA BERNARDINO ALIMENA;all'intersezione con;VIA TANCREDI CANONICO;VIA TANCREDI CANONICO;;;Scontro laterale fra veicoli in marcia;Incrocio;Una carreggiata a doppio senso;Bagnato (pioggia);Asfaltata;Assente;Nuvoloso;Normale;Sufficiente;Ore Diurne;3;0;0;0;;;-1;2;Autovettura privata;In marcia / fermata / arresto;Passeggero;F;Rifiuta cure immediate;0;NON DECEDUTO;Non accertato;Inesploso
1749729;10;13/01/2008 13:00;Strada Urbana;VIA ANAGNINA;da specificare;;;;piazzale posto tra via v. Giudice e capolinea ATAC;Veicolo in marcia contro veicolo arresto;Rettilineo;Una carreggiata a doppio senso;Bagnato (pioggia);Sterrata;Assente;Nuvoloso;Scarso;Buona;Ore Diurne;0;0;0;1;;;-1;2;Autocarro inferiore 35 q.;In marcia / fermata / arresto;Conducente;M;Illeso;0;;Non accertato;Inesistente
1749730;11;07/01/2008 09:50;Strada Urbana;VIALE DI S. PAOLO;in corrispondenza;;del civico n. ;14;;Tamponamento;Rettilineo;Due carreggiate;Asciutto;Asfaltata;Verticale ed orizzontale;Nuvoloso;Normale;Buona;Ore Diurne;0;0;0;2;;;-1;1;Autobus urbano;In marcia / fermata / arresto;Conducente;M;Illeso;0;;Esente;Inesistente
1749730;11;07/01/2008 09:50;Strada Urbana;VIALE DI S. PAOLO;in corrispondenza;;del civico n. ;14;;Tamponamento;Rettilineo;Due carreggiate;Asciutto;Asfaltata;Verticale ed orizzontale;Nuvoloso;Normale;Buona;Ore Diurne;0;0;0;2;;;-1;2;Autovettura privata;In marcia / fermata / arresto;Conducente;M;Illeso;0;;Non accertato;Inesistente
1749731;11;07/01/2008 06:40;Strada Urbana;VIA ATTILIO AMBROSINI;all'intersezione semaforizzata con;VIA ACCADEMIA DEGLI AGIATI;VIA ACCADEMIA DEGLI AGIATI;;;Scontro laterale fra veicoli in marcia;Intersezione semaforizzata;Due carreggiate;Bagnato (pioggia);Asfaltata;Verticale ed orizzontale;Nuvoloso;Scarso;Buona;Ore Diurne;0;0;0;3;;;-1;1;Autovettura privata;In marcia / fermata / arresto;Conducente;F;Illeso;0;;Utilizzato;Inesistente
1749731;11;07/01/2008 06:40;Strada Urbana;VIA ATTILIO AMBROSINI;all'intersezione semaforizzata con;VIA ACCADEMIA DEGLI AGIATI;VIA ACCADEMIA DEGLI AGIATI;;;Scontro laterale fra veicoli in marcia;Intersezione semaforizzata;Due carreggiate;Bagnato (pioggia);Asfaltata;Verticale ed orizzontale;Nuvoloso;Scarso;Buona;Ore Diurne;0;0;0;3;;;-1;2;Autovettura privata;In marcia / fermata / arresto;Conducente;M;Illeso;0;;Utilizzato;Inesistente
1749731;11;07/01/2008 06:40;Strada Urbana;VIA ATTILIO AMBROSINI;all'intersezione semaforizzata con;VIA ACCADEMIA DEGLI AGIATI;VIA ACCADEMIA DEGLI AGIATI;;;Scontro laterale fra veicoli in marcia;Intersezione semaforizzata;Due carreggiate;Bagnato (pioggia);Asfaltata;Verticale ed orizzontale;Nuvoloso;Scarso;Buona;Ore Diurne;0;0;0;3;;;-1;2;Autovettura privata;In marcia / fermata / arresto;Passeggero;M;Illeso;0;;Utilizzato;Inesistente
1749732;11;07/01/2008 18:20;Strada Urbana;VIA LAURENTINA;in corrispondenza;;del civico n. ;501;;Tamponamento Multiplo;Rettilineo;Due carreggiate;Asciutto;Asfaltata;Assente;Sereno;Normale;Buona;Sufficiente;0;0;0;4;;;-1;1;Autovettura privata;In marcia / fermata / arresto;Conducente;M;Illeso;0;;Utilizzato;Inesistente
1749732;11;07/01/2008 18:20;Strada Urbana;VIA LAURENTINA;in corrispondenza;;del civico n. ;501;;Tamponamento Multiplo;Rettilineo;Due carreggiate;Asciutto;Asfaltata;Assente;Sereno;Normale;Buona;Sufficiente;0;0;0;4;;;-1;1;Autovettura privata;In marcia / fermata / arresto;Passeggero;F;Illeso;0;;Utilizzato;Inesistente
1749732;11;07/01/2008 18:20;Strada Urbana;VIA LAURENTINA;in corrispondenza;;del civico n. ;501;;Tamponamento Multiplo;Rettilineo;Due carreggiate;Asciutto;Asfaltata;Assente;Sereno;Normale;Buona;Sufficiente;0;0;0;4;;;-1;2;Autovettura privata;In marcia / fermata / arresto;Conducente;M;Illeso;0;;Utilizzato;Inesistente
1749732;11;07/01/2008 18:20;Strada Urbana;VIA LAURENTINA;in corrispondenza;;del civico n. ;501;;Tamponamento Multiplo;Rettilineo;Due carreggiate;Asciutto;Asfaltata;Assente;Sereno;Normale;Buona;Sufficiente;0;0;0;4;;;-1;3;Autovettura privata;In marcia / fermata / arresto;Conducente;F;Illeso;0;;Utilizzato;Inesistente
1749733;11;08/01/2008 05:45;Strada Urbana;VIA APPIA PIGNATELLI;da specificare;;;;seconda curva dopo Via Almone di 4° miglio;Tamponamento;Curva senza visuale libera;Una carreggiata a doppio senso;Bagnato (umidità in atto);Asfaltata;Verticale ed orizzontale;Nebbia;Normale;Sufficiente;Insufficiente;0;0;0;2;;;-1;1;Autovettura privata;In marcia / fermata / arresto;Conducente;M;Illeso;0;;Utilizzato;Inesistente
1749733;11;08/01/2008 05:45;Strada Urbana;VIA APPIA PIGNATELLI;da specificare;;;;seconda curva dopo Via Almone di 4° miglio;Tamponamento;Curva senza visuale libera;Una carreggiata a doppio senso;Bagnato (umidità in atto);Asfaltata;Verticale ed orizzontale;Nebbia;Normale;Sufficiente;Insufficiente;0;0;0;2;;;-1;2;Autovettura privata;In marcia / fermata / arresto;Conducente;M;Illeso;0;;Utilizzato;Inesistente
1749734;11;08/01/2008 14:20;Strada Urbana;VIA FONTE BUONO;all'intersezione con;VIALE PICO DELLA MIRANDOLA;VIALE PICO DELLA MIRANDOLA;;;Scontro frontale/laterale SX fra veicoli in marcia;Incrocio;Una carreggiata a senso unico di marcia;Asciutto;Asfaltata;Verticale ed orizzontale;Sereno;Normale;Buona;Ore Diurne;0;0;0;2;;;-1;1;Autovettura privata;In marcia / fermata / arresto;Conducente;M;Illeso;0;;Utilizzato;Inesistente
1749734;11;08/01/2008 14:20;Strada Urbana;VIA FONTE BUONO;all'intersezione con;VIALE PICO DELLA MIRANDOLA;VIALE PICO DELLA MIRANDOLA;;;Scontro frontale/laterale SX fra veicoli in marcia;Incrocio;Una carreggiata a senso unico di marcia;Asciutto;Asfaltata;Verticale ed orizzontale;Sereno;Normale;Buona;Ore Diurne;0;0;0;2;;;-1;2;Motociclo a solo;In marcia / fermata / arresto;Conducente;M;Illeso;0;;Utilizzato;Inesistente
1749735;11;08/01/2008 18:00;Strada Urbana;VIALE FERDINANDO BALDELLI;all'intersezione con;VIA TULLIO LEVI CIVITA;VIA TULLIO LEVI CIVITA;;;Scontro frontale/laterale DX fra veicoli in marcia;Incrocio;Due carreggiate;Asciutto;Asfaltata;Verticale ed orizzontale;Sereno;Intenso;Buona;Sufficiente;2;0;0;2;;;-1;1;Autovettura privata;In marcia / fermata / arresto;Conducente;M;Illeso;0;;Non accertato;Inesistente
1749735;11;08/01/2008 18:00;Strada Urbana;VIALE FERDINANDO BALDELLI;all'intersezione con;VIA TULLIO LEVI CIVITA;VIA TULLIO LEVI CIVITA;;;Scontro frontale/laterale DX fra veicoli in marcia;Incrocio;Due carreggiate;Asciutto;Asfaltata;Verticale ed orizzontale;Sereno;Intenso;Buona;Sufficiente;2;0;0;2;;;-1;2;Autovettura privata;In marcia / fermata / arresto;Conducente;M;Illeso;0;;Non accertato;Inesistente
1749735;11;08/01/2008 18:00;Strada Urbana;VIALE FERDINANDO BALDELLI;all'intersezione con;VIA TULLIO LEVI CIVITA;VIA TULLIO LEVI CIVITA;;;Scontro frontale/laterale DX fra veicoli in marcia;Incrocio;Due carreggiate;Asciutto;Asfaltata;Verticale ed orizzontale;Sereno;Intenso;Buona;Sufficiente;2;0;0;2;;;-1;2;Autovettura privata;In marcia / fermata / arresto;Passeggero;F;Rifiuta cure immediate;0;NON DECEDUTO;Non accertato;Inesistente
1749736;11;08/01/2008 18:45;Strada Urbana;VIA LAURENTINA;all'intersezione con;VIA ACQUE SALVIE;VIA ACQUE SALVIE;;;Scontro laterale fra veicoli in marcia;Incrocio;Due carreggiate;Asciutto;Asfaltata;Verticale ed orizzontale;Sereno;Normale;Buona;Sufficiente;0;0;0;3;;;-1;1;Autovettura privata;In marcia / fermata / arresto;Conducente;M;Illeso;0;;Utilizzato;Inesistente
1749736;11;08/01/2008 18:45;Strada Urbana;VIA LAURENTINA;all'intersezione con;VIA ACQUE SALVIE;VIA ACQUE SALVIE;;;Scontro laterale fra veicoli in marcia;Incrocio;Due carreggiate;Asciutto;Asfaltata;Verticale ed orizzontale;Sereno;Normale;Buona;Sufficiente;0;0;0;3;;;-1;1;Autovettura privata;In marcia / fermata / arresto;Passeggero;M;Illeso;0;;Utilizzato;Inesistente
1749736;11;08/01/2008 18:45;Strada Urbana;VIA LAURENTINA;all'intersezione con;VIA ACQUE SALVIE;VIA ACQUE SALVIE;;;Scontro laterale fra veicoli in marcia;Incrocio;Due carreggiate;Asciutto;Asfaltata;Verticale ed orizzontale;Sereno;Normale;Buona;Sufficiente;0;0;0;3;;;-1;2;Velocipede;In marcia / fermata / arresto;Conducente;M;Illeso;0;;Non accertato;Inesistente
1749737;11;09/01/2008 21:50;Strada Urbana;VIA DI GROTTA PERFETTA;all'intersezione con;VIA CALDERON DE LA BARCA;VIA CALDERON DE LA BARCA;;;Scontro frontale/laterale DX fra veicoli in marcia;Incrocio;Una carreggiata a doppio senso;Asciutto;Asfaltata;Verticale ed orizzontale;Sereno;Scarso;Sufficiente;Sufficiente;1;0;0;2;;;-1;;;;Pedone;M;Illeso;0;;;
1749737;11;09/01/2008 21:50;Strada Urbana;VIA DI GROTTA PERFETTA;all'intersezione con;VIA CALDERON DE LA BARCA;VIA CALDERON DE LA BARCA;;;Scontro frontale/laterale DX fra veicoli in marcia;Incrocio;Una carreggiata a doppio senso;Asciutto;Asfaltata;Verticale ed orizzontale;Sereno;Scarso;Sufficiente;Sufficiente;1;0;0;2;;;-1;1;Autocarro inferiore 35 q.;In marcia / fermata / arresto;Conducente;M;Illeso;0;;Non accertato;Inesistente
1749737;11;09/01/2008 21:50;Strada Urbana;VIA DI GROTTA PERFETTA;all'intersezione con;VIA CALDERON DE LA BARCA;VIA CALDERON DE LA BARCA;;;Scontro frontale/laterale DX fra veicoli in marcia;Incrocio;Una carreggiata a doppio senso;Asciutto;Asfaltata;Verticale ed orizzontale;Sereno;Scarso;Sufficiente;Sufficiente;1;0;0;2;;;-1;2;Autovettura privata;In marcia / fermata / arresto;Conducente;M;Rimandato;0;NON DECEDUTO;Non accertato;Inesistente
1749738;20;12/01/2008 11:05;Provinciale;VIA TIBERINA;in prossimità;;della chilometrica ;3,4;;Veicolo in marcia contro ostacolo accidentale;Rettilineo;Una carreggiata a doppio senso;Bagnato (pioggia);Asfaltata;Verticale ed orizzontale;Pioggia in atto;Normale;Buona;Ore Diurne;0;0;0;1;;;-1;1;Autovettura privata;In marcia / fermata / arresto;Conducente;M;Illeso;0;;Non accertato;Inesploso
1749739;20;12/01/2008 11:15;Strada Urbana;VIA NICOLA TAGLIAFERRI;all'intersezione con;VIA GIORGIO IANNICELLI;VIA GIORGIO IANNICELLI;;;Scontro frontale/laterale DX fra veicoli in marcia;Intersezione non regolata/non segnalata;Una carreggiata a doppio senso;Bagnato (pioggia);Asfaltata;Assente;Nuvoloso;Scarso;Buona;Ore Diurne;0;0;0;3;;;-1;1;Autovettura privata;In marcia / fermata / arresto;Conducente;M;Illeso;0;;Non accertato;Inesistente
1749739;20;12/01/2008 11:15;Strada Urbana;VIA NICOLA TAGLIAFERRI;all'intersezione con;VIA GIORGIO IANNICELLI;VIA GIORGIO IANNICELLI;;;Scontro frontale/laterale DX fra veicoli in marcia;Intersezione non regolata/non segnalata;Una carreggiata a doppio senso;Bagnato (pioggia);Asfaltata;Assente;Nuvoloso;Scarso;Buona;Ore Diurne;0;0;0;3;;;-1;1;Autovettura privata;In marcia / fermata / arresto;Passeggero;F;Illeso;0;;Non accertato;Inesistente
1749739;20;12/01/2008 11:15;Strada Urbana;VIA NICOLA TAGLIAFERRI;all'intersezione con;VIA GIORGIO IANNICELLI;VIA GIORGIO IANNICELLI;;;Scontro frontale/laterale DX fra veicoli in marcia;Intersezione non regolata/non segnalata;Una carreggiata a doppio senso;Bagnato (pioggia);Asfaltata;Assente;Nuvoloso;Scarso;Buona;Ore Diurne;0;0;0;3;;;-1;2;Autovettura privata;In marcia / fermata / arresto;Conducente;F;Illeso;0;;Non accertato;Inesistente
1749740;20;12/01/2008 15:40;Strada Urbana;VIA DI VALLE MURICANA;in corrispondenza;;del civico n. ;727;;Scontro laterale fra veicoli in marcia;Rettilineo;Una carreggiata a doppio senso;Bagnato (pioggia);Asfaltata;Orizzontale;Pioggia in atto;Scarso;Buona;Ore Diurne;0;0;0;2;;;-1;1;Autovettura privata;In marcia / fermata / arresto;Conducente;M;Illeso;0;;Non accertato;Inesistente
1749740;20;12/01/2008 15:40;Strada Urbana;VIA DI VALLE MURICANA;in corrispondenza;;del civico n. ;727;;Scontro laterale fra veicoli in marcia;Rettilineo;Una carreggiata a doppio senso;Bagnato (pioggia);Asfaltata;Orizzontale;Pioggia in atto;Scarso;Buona;Ore Diurne;0;0;0;2;;;-1;2;Autovettura privata;In marcia / fermata / arresto;Conducente;M;Illeso;0;;Non accertato;Inesistente
1749741;20;12/01/2008 16:00;Strada Urbana;VIA DEI DUE PONTI;all'intersezione con;VIA BOMARZO;VIA BOMARZO;;;Veicolo in marcia contro ostacolo accidentale;Incrocio;Una carreggiata a doppio senso;Bagnato (pioggia);Asfaltata;Orizzontale;Pioggia in atto;Scarso;Buona;Ore Diurne;1;0;0;2;;;-1;1;Autovettura privata;In marcia / fermata / arresto;Conducente;M;Illeso;0;;Non accertato;Inesploso
1749741;20;12/01/2008 16:00;Strada Urbana;VIA DEI DUE PONTI;all'intersezione con;VIA BOMARZO;VIA BOMARZO;;;Veicolo in marcia contro ostacolo accidentale;Incrocio;Una carreggiata a doppio senso;Bagnato (pioggia);Asfaltata;Orizzontale;Pioggia in atto;Scarso;Buona;Ore Diurne;1;0;0;2;;;-1;1;Autovettura privata;In marcia / fermata / arresto;Passeggero;M;Illeso;0;;Non accertato;Inesploso
1749741;20;12/01/2008 16:00;Strada Urbana;VIA DEI DUE PONTI;all'intersezione con;VIA BOMARZO;VIA BOMARZO;;;Veicolo in marcia contro ostacolo accidentale;Incrocio;Una carreggiata a doppio senso;Bagnato (pioggia);Asfaltata;Orizzontale;Pioggia in atto;Scarso;Buona;Ore Diurne;1;0;0;2;;;-1;1;Autovettura privata;In marcia / fermata / arresto;Passeggero;M;Rimandato;0;NON DECEDUTO;Non accertato;Inesploso
1749742;20;12/01/2008 17:45;Strada Urbana;VIALE DI TOR DI QUINTO;da specificare;;;;dir. Rm centro rampa Via Foro Italico dir. Salaria;Scontro laterale fra veicoli in marcia;Rettilineo;Due carreggiate;Bagnato (pioggia);Asfaltata;Verticale ed orizzontale;Pioggia in atto;Normale;Buona;Sufficiente;0;0;0;5;;;-1;1;Autovettura privata;In marcia / fermata / arresto;Conducente;M;Illeso;0;;Non accertato;Inesploso
1749742;20;12/01/2008 17:45;Strada Urbana;VIALE DI TOR DI QUINTO;da specificare;;;;dir. Rm centro rampa Via Foro Italico dir. Salaria;Scontro laterale fra veicoli in marcia;Rettilineo;Due carreggiate;Bagnato (pioggia);Asfaltata;Verticale ed orizzontale;Pioggia in atto;Normale;Buona;Sufficiente;0;0;0;5;;;-1;2;Autovettura privata;In marcia / fermata / arresto;Conducente;M;Illeso;0;;Non accertato;Inesploso
1749742;20;12/01/2008 17:45;Strada Urbana;VIALE DI TOR DI QUINTO;da specificare;;;;dir. Rm centro rampa Via Foro Italico dir. Salaria;Scontro laterale fra veicoli in marcia;Rettilineo;Due carreggiate;Bagnato (pioggia);Asfaltata;Verticale ed orizzontale;Pioggia in atto;Normale;Buona;Sufficiente;0;0;0;5;;;-1;2;Autovettura privata;In marcia / fermata / arresto;Passeggero;M;Illeso;0;;Non accertato;Inesploso
1749742;20;12/01/2008 17:45;Strada Urbana;VIALE DI TOR DI QUINTO;da specificare;;;;dir. Rm centro rampa Via Foro Italico dir. Salaria;Scontro laterale fra veicoli in marcia;Rettilineo;Due carreggiate;Bagnato (pioggia);Asfaltata;Verticale ed orizzontale;Pioggia in atto;Normale;Buona;Sufficiente;0;0;0;5;;;-1;2;Autovettura privata;In marcia / fermata / arresto;Passeggero;M;Illeso;0;;Non accertato;Inesploso
1749742;20;12/01/2008 17:45;Strada Urbana;VIALE DI TOR DI QUINTO;da specificare;;;;dir. Rm centro rampa Via Foro Italico dir. Salaria;Scontro laterale fra veicoli in marcia;Rettilineo;Due carreggiate;Bagnato (pioggia);Asfaltata;Verticale ed orizzontale;Pioggia in atto;Normale;Buona;Sufficiente;0;0;0;5;;;-1;2;Autovettura privata;In marcia / fermata / arresto;Passeggero;M;Illeso;0;;Non accertato;Inesploso
1749743;20;13/01/2008 04:10;Statale entro l'abitato;VIA CASSIA;all'intersezione semaforizzata con;VIA MASSAROSA;VIA MASSAROSA;;;Tamponamento;Intersezione semaforizzata;Una carreggiata a doppio senso;Bagnato (pioggia);Asfaltata;Verticale ed orizzontale;Pioggia in atto;Scarso;Buona;Sufficiente;2;0;0;1;;;-1;1;Autovettura privata;In marcia / fermata / arresto;Conducente;F;Rimandato;0;NON DECEDUTO;Non accertato;Inesistente
1749743;20;13/01/2008 04:10;Statale entro l'abitato;VIA CASSIA;all'intersezione semaforizzata con;VIA MASSAROSA;VIA MASSAROSA;;;Tamponamento;Intersezione semaforizzata;Una carreggiata a doppio senso;Bagnato (pioggia);Asfaltata;Verticale ed orizzontale;Pioggia in atto;Scarso;Buona;Sufficiente;2;0;0;1;;;-1;1;Autovettura privata;In marcia / fermata / arresto;Passeggero;F;Rimandato;0;NON DECEDUTO;Non accertato;Inesistente
1749743;20;13/01/2008 04:10;Statale entro l'abitato;VIA CASSIA;all'intersezione semaforizzata con;VIA MASSAROSA;VIA MASSAROSA;;;Tamponamento;Intersezione semaforizzata;Una carreggiata a doppio senso;Bagnato (pioggia);Asfaltata;Verticale ed orizzontale;Pioggia in atto;Scarso;Buona;Sufficiente;2;0;0;1;;;-1;2;Autovettura privata;Allontanatosi;Conducente;M;Illeso;0;;Non accertato;Inesistente
1749744;20;13/01/2008 20:00;Strada Urbana;VIA DI GROTTAROSSA;in corrispondenza;;del civico n. ;123;;Veicolo in marcia contro ostacolo accidentale;Rettilineo;Una carreggiata a doppio senso;Bagnato (pioggia);Asfaltata;Orizzontale;Nuvoloso;Scarso;Sufficiente;Sufficiente;0;0;0;1;;;-1;1;Autovettura privata;In marcia / fermata / arresto;Conducente;M;Illeso;0;;Utilizzato;Inesploso
1749745;12;11/01/2008 18:00;Strada Urbana;VIA DI MEZZOCAMMINO;in corrispondenza;;del civico n. ;96;;Veicolo in marcia contro ostacolo fisso;Rettilineo;Una carreggiata a doppio senso;Bagnato (umidità in atto);Asfaltata;Verticale ed orizzontale;Nuvoloso;Normale;Buona;Sufficiente;1;0;0;0;;;-1;1;Autovettura privata;In marcia / fermata / arresto;Conducente;M;Rimandato;0;NON DECEDUTO;Utilizzato;Inesploso
1749746;12;12/01/2008 22:00;Provinciale entro l'abitato;VIA LAURENTINA;in corrispondenza;;del civico n. ;724;;Scontro laterale fra veicoli in marcia;Rettilineo;Due carreggiate;Bagnato (pioggia);Asfaltata;Verticale ed orizzontale;Pioggia in atto;Scarso;Buona;Sufficiente;0;0;0;2;;;-1;1;Autovettura privata;In marcia / fermata / arresto;Conducente;M;Illeso;0;;Utilizzato;Inesistente
1749746;12;12/01/2008 22:00;Provinciale entro l'abitato;VIA LAURENTINA;in corrispondenza;;del civico n. ;724;;Scontro laterale fra veicoli in marcia;Rettilineo;Due carreggiate;Bagnato (pioggia);Asfaltata;Verticale ed orizzontale;Pioggia in atto;Scarso;Buona;Sufficiente;0;0;0;2;;;-1;2;Autovettura privata;In marcia / fermata / arresto;Conducente;M;Illeso;0;;Non accertato;Inesistente
1749747;13;12/01/2008 16:45;Strada Urbana;VIALE DEI ROMAGNOLI;all'intersezione con;VIALE CHARLES LENORMANT;VIALE CHARLES LENORMANT;;;Scontro frontale fra veicoli in marcia;Incrocio;Una carreggiata a doppio senso;Bagnato (pioggia);Asfaltata;Verticale ed orizzontale;Pioggia in atto;Intenso;Buona;Ore Diurne;0;0;0;4;;;-1;1;Autovettura privata;In marcia / fermata / arresto;Conducente;M;Illeso;0;;Non accertato;Inesistente
1749747;13;12/01/2008 16:45;Strada Urbana;VIALE DEI ROMAGNOLI;all'intersezione con;VIALE CHARLES LENORMANT;VIALE CHARLES LENORMANT;;;Scontro frontale fra veicoli in marcia;Incrocio;Una carreggiata a doppio senso;Bagnato (pioggia);Asfaltata;Verticale ed orizzontale;Pioggia in atto;Intenso;Buona;Ore Diurne;0;0;0;4;;;-1;1;Autovettura privata;In marcia / fermata / arresto;Passeggero;M;Illeso;0;;Non accertato;Inesistente
1749747;13;12/01/2008 16:45;Strada Urbana;VIALE DEI ROMAGNOLI;all'intersezione con;VIALE CHARLES LENORMANT;VIALE CHARLES LENORMANT;;;Scontro frontale fra veicoli in marcia;Incrocio;Una carreggiata a doppio senso;Bagnato (pioggia);Asfaltata;Verticale ed orizzontale;Pioggia in atto;Intenso;Buona;Ore Diurne;0;0;0;4;;;-1;2;Autovettura privata;In marcia / fermata / arresto;Conducente;F;Illeso;0;;Non accertato;Inesistente
1749747;13;12/01/2008 16:45;Strada Urbana;VIALE DEI ROMAGNOLI;all'intersezione con;VIALE CHARLES LENORMANT;VIALE CHARLES LENORMANT;;;Scontro frontale fra veicoli in marcia;Incrocio;Una carreggiata a doppio senso;Bagnato (pioggia);Asfaltata;Verticale ed orizzontale;Pioggia in atto;Intenso;Buona;Ore Diurne;0;0;0;4;;;-1;2;Autovettura privata;In marcia / fermata / arresto;Passeggero;M;Illeso;0;;Non accertato;Inesistente
1749748;13;12/01/2008 21:30;Strada Urbana;VIA DEL CANALE DELLA LINGUA;all'intersezione con;VIALE DI CASTEL PORZIANO;VIALE DI CASTEL PORZIANO;;;Scontro frontale/laterale DX fra veicoli in marcia;Incrocio;Una carreggiata a doppio senso;Asciutto;Asfaltata;Orizzontale;Nuvoloso;Normale;Sufficiente;Sufficiente;0;0;0;4;;;-1;1;Autovettura privata;In marcia / fermata / arresto;Conducente;M;Illeso;0;;Non accertato;Inesistente
1749748;13;12/01/2008 21:30;Strada Urbana;VIA DEL CANALE DELLA LINGUA;all'intersezione con;VIALE DI CASTEL PORZIANO;VIALE DI CASTEL PORZIANO;;;Scontro frontale/laterale DX fra veicoli in marcia;Incrocio;Una carreggiata a doppio senso;Asciutto;Asfaltata;Orizzontale;Nuvoloso;Normale;Sufficiente;Sufficiente;0;0;0;4;;;-1;1;Autovettura privata;In marcia / fermata / arresto;Passeggero;F;Illeso;0;;Non accertato;Inesistente
1749748;13;12/01/2008 21:30;Strada Urbana;VIA DEL CANALE DELLA LINGUA;all'intersezione con;VIALE DI CASTEL PORZIANO;VIALE DI CASTEL PORZIANO;;;Scontro frontale/laterale DX fra veicoli in marcia;Incrocio;Una carreggiata a doppio senso;Asciutto;Asfaltata;Orizzontale;Nuvoloso;Normale;Sufficiente;Sufficiente;0;0;0;4;;;-1;1;Autovettura privata;In marcia / fermata / arresto;Passeggero;M;Illeso;0;;Non accertato;Inesistente
1749748;13;12/01/2008 21:30;Strada Urbana;VIA DEL CANALE DELLA LINGUA;all'intersezione con;VIALE DI CASTEL PORZIANO;VIALE DI CASTEL PORZIANO;;;Scontro frontale/laterale DX fra veicoli in marcia;Incrocio;Una carreggiata a doppio senso;Asciutto;Asfaltata;Orizzontale;Nuvoloso;Normale;Sufficiente;Sufficiente;0;0;0;4;;;-1;2;Autovettura privata;In marcia / fermata / arresto;Conducente;M;Illeso;0;;Non accertato;Inesploso