Protocollo;Gruppo;DataOraIncidente;Localizzazione1;STRADA1;Localizzazione2;STRADA2;Strada02;Chilometrica;DaSpecificare;NaturaIncidente;particolaritastrade;TipoStrada;FondoStradale;Pavimentazione;Segnaletica;CondizioneAtmosferica;Traffico;Visibilita;Illuminazione;NUM_FERITI;NUM_RISERVATA;NUM_MORTI;NUM_ILLESI;Longitudine;Latitudine;Confermato;Progressivo;TipoVeicolo;StatoVeicolo;TipoPersona;Sesso;Tipolesione;Deceduto;DecedutoDopo;CinturaCascoUtilizzato;Airbag
1750821;19;26/01/2008 15:00;Strada Urbana;VIA DI SELVA CANDIDA;in corrispondenza;;del civico n. ;358;;Scontro frontale/laterale SX fra veicoli in marcia;Rettilineo;Una carreggiata a doppio senso;Asciutto;Asfaltata;Orizzontale;Sereno;Normale;Buona;Ore Diurne;2;0;0;0;;;-1;1;Autovettura privata;In marcia / fermata / arresto;Conducente;M;Rimandato;0;NON DECEDUTO;Non accertato;Inesistente
1750821;19;26/01/2008 15:00;Strada Urbana;VIA DI SELVA CANDIDA;in corrispondenza;;del civico n. ;358;;Scontro frontale/laterale SX fra veicoli in marcia;Rettilineo;Una carreggiata a doppio senso;Asciutto;Asfaltata;Orizzontale;Sereno;Normale;Buona;Ore Diurne;2;0;0;0;;;-1;2;Autovettura privata;In marcia / fermata / arresto;Conducente;M;Rimandato;0;NON DECEDUTO;Non accertato;Inesistente
1750822;19;26/01/2008 15:40;Strada Urbana;VIA DI BOCCEA;in prossimità;;del civico n. ;1042;;Tamponamento;Rettilineo;Una carreggiata a doppio senso;Asciutto;Asfaltata;Orizzontale;Sereno;Scarso;Buona;Ore Diurne;1;0;0;2;;;-1;1;Autovettura privata;In marcia / fermata / arresto;Conducente;M;Illeso;0;;Non accertato;Inesistente
1750822;19;26/01/2008 15:40;Strada Urbana;VIA DI BOCCEA;in prossimità;;del civico n. ;1042;;Tamponamento;Rettilineo;Una carreggiata a doppio senso;Asciutto;Asfaltata;Orizzontale;Sereno;Scarso;Buona;Ore Diurne;1;0;0;2;;;-1;2;Autovettura privata;In marcia / fermata / arresto;Conducente;M;Illeso;0;;Non accertato;Inesistente
1750822;19;26/01/2008 15:40;Strada Urbana;VIA DI BOCCEA;in prossimità;;del civico n. ;1042;;Tamponamento;Rettilineo;Una carreggiata a doppio senso;Asciutto;Asfaltata;Orizzontale;Sereno;Scarso;Buona;Ore Diurne;1;0;0;2;;;-1;3;Autovettura privata;In marcia / fermata / arresto;Conducente;M;Rimandato;0;NON DECEDUTO;Non accertato;Inesistente
1750823;19;27/01/2008 00:30;Strada Urbana;VIA GREGORIO VII;in prossimità;;del civico n. ;f. 59;;Scontro frontale/laterale SX fra veicoli in marcia;Rettilineo;Una carreggiata a senso unico di marcia;Asciutto;Asfaltata;Verticale ed orizzontale;Sereno;Scarso;Buona;Sufficiente;0;0;0;3;;;-1;1;Quadriciclo leggero;In marcia / fermata / arresto;Conducente;F;Illeso;0;;Utilizzato;Inesistente
1750823;19;27/01/2008 00:30;Strada Urbana;VIA GREGORIO VII;in prossimità;;del civico n. ;f. 59;;Scontro frontale/laterale SX fra veicoli in marcia;Rettilineo;Una carreggiata a senso unico di marcia;Asciutto;Asfaltata;Verticale ed orizzontale;Sereno;Scarso;Buona;Sufficiente;0;0;0;3;;;-1;1;Quadriciclo leggero;In marcia / fermata / arresto;Passeggero;F;Illeso;0;;Utilizzato;Inesistente
1750823;19;27/01/2008 00:30;Strada Urbana;VIA GREGORIO VII;in prossimità;;del civico n. ;f. 59;;Scontro frontale/laterale SX fra veicoli in marcia;Rettilineo;Una carreggiata a senso unico di marcia;Asciutto;Asfaltata;Verticale ed orizzontale;Sereno;Scarso;Buona;Sufficiente;0;0;0;3;;;-1;2;Ciclomotore;In marcia / fermata / arresto;Conducente;M;Illeso;0;;Utilizzato;Inesistente
1750824;19;27/01/2008 21:35;Strada Urbana;VIA TRIONFALE;in corrispondenza;;del civico n. ;10850;;Scontro frontale fra veicoli in marcia;Rettilineo;Una carreggiata a doppio senso;Asciutto;Asfaltata;Orizzontale;Sereno;Normale;Buona;Sufficiente;1;0;0;1;;;-1;1;Motociclo a solo;In marcia / fermata / arresto;Conducente;M;Rimandato;0;NON DECEDUTO;Utilizzato;Inesploso
1750824;19;27/01/2008 21:35;Strada Urbana;VIA TRIONFALE;in corrispondenza;;del civico n. ;10850;;Scontro frontale fra veicoli in marcia;Rettilineo;Una carreggiata a doppio senso;Asciutto;Asfaltata;Orizzontale;Sereno;Normale;Buona;Sufficiente;1;0;0;1;;;-1;2;Autovettura privata;In marcia / fermata / arresto;Conducente;M;Illeso;0;;Utilizzato;Inesploso
1750826;19;28/01/2008 09:30;Strada Urbana;VIA DELLA RISERVA GRANDE;da specificare;;;;prossimita' Via Gaverina;Scontro laterale fra veicoli in marcia;Curva senza visuale libera;Una carreggiata a doppio senso;Asciutto;Asfaltata;Assente;Sereno;Scarso;Buona;Ore Diurne;0;0;0;2;;;-1;1;Autovettura privata;In marcia / fermata / arresto;Conducente;M;Illeso;0;;Non accertato;Inesistente
1750826;19;28/01/2008 09:30;Strada Urbana;VIA DELLA RISERVA GRANDE;da specificare;;;;prossimita' Via Gaverina;Scontro laterale fra veicoli in marcia;Curva senza visuale libera;Una carreggiata a doppio senso;Asciutto;Asfaltata;Assente;Sereno;Scarso;Buona;Ore Diurne;0;0;0;2;;;-1;2;Autovettura privata;In marcia / fermata / arresto;Conducente;M;Illeso;0;;Non accertato;Inesistente
1750827;2;13/01/2008 14:45;Strada Urbana;CORSO D'ITALIA;da specificare;;;;fronte civ. 6 dir.ne Croce Rossa carr.ta centrale;Veicoli in marcia contro veicolo fermo;Rettilineo;Più di due carreggiate;Asciutto;Asfaltata;Verticale ed orizzontale;Sereno;Normale;Buona;Ore Diurne;1;0;0;6;;;-1;1;Autoambulanza;In marcia / fermata / arresto;Conducente;F;Rifiuta cure immediate;0;NON DECEDUTO;Non accertato;Inesistente
1750827;2;13/01/2008 14:45;Strada Urbana;CORSO D'ITALIA;da specificare;;;;fronte civ. 6 dir.ne Croce Rossa carr.ta centrale;Veicoli in marcia contro veicolo fermo;Rettilineo;Più di due carreggiate;Asciutto;Asfaltata;Verticale ed orizzontale;Sereno;Normale;Buona;Ore Diurne;1;0;0;6;;;-1;1;Autoambulanza;In marcia / fermata / arresto;Passeggero;M;Illeso;0;;Non accertato;Inesistente
1750827;2;13/01/2008 14:45;Strada Urbana;CORSO D'ITALIA;da specificare;;;;fronte civ. 6 dir.ne Croce Rossa carr.ta centrale;Veicoli in marcia contro veicolo fermo;Rettilineo;Più di due carreggiate;Asciutto;Asfaltata;Verticale ed orizzontale;Sereno;Normale;Buona;Ore Diurne;1;0;0;6;;;-1;2;Autovettura privata;In marcia / fermata / arresto;Conducente;F;Illeso;0;;Non accertato;Inesistente
1750827;2;13/01/2008 14:45;Strada Urbana;CORSO D'ITALIA;da specificare;;;;fronte civ. 6 dir.ne Croce Rossa carr.ta centrale;Veicoli in marcia contro veicolo fermo;Rettilineo;Più di due carreggiate;Asciutto;Asfaltata;Verticale ed orizzontale;Sereno;Normale;Buona;Ore Diurne;1;0;0;6;;;-1;2;Autovettura privata;In marcia / fermata / arresto;Passeggero;M;Illeso;0;;Non accertato;Inesistente
1750827;2;13/01/2008 14:45;Strada Urbana;CORSO D'ITALIA;da specificare;;;;fronte civ. 6 dir.ne Croce Rossa carr.ta centrale;Veicoli in marcia contro veicolo fermo;Rettilineo;Più di due carreggiate;Asciutto;Asfaltata;Verticale ed orizzontale;Sereno;Normale;Buona;Ore Diurne;1;0;0;6;;;-1;2;Autovettura privata;In marcia / fermata / arresto;Passeggero;F;Illeso;0;;Non accertato;Inesistente
1750827;2;13/01/2008 14:45;Strada Urbana;CORSO D'ITALIA;da specificare;;;;fronte civ. 6 dir.ne Croce Rossa carr.ta centrale;Veicoli in marcia contro veicolo fermo;Rettilineo;Più di due carreggiate;Asciutto;Asfaltata;Verticale ed orizzontale;Sereno;Normale;Buona;Ore Diurne;1;0;0;6;;;-1;3;Autovettura privata;In marcia / fermata / arresto;Conducente;M;Illeso;0;;Non accertato;Inesistente
1750827;2;13/01/2008 14:45;Strada Urbana;CORSO D'ITALIA;da specificare;;;;fronte civ. 6 dir.ne Croce Rossa carr.ta centrale;Veicoli in marcia contro veicolo fermo;Rettilineo;Più di due carreggiate;Asciutto;Asfaltata;Verticale ed orizzontale;Sereno;Normale;Buona;Ore Diurne;1;0;0;6;;;-1;3;Autovettura privata;In marcia / fermata / arresto;Passeggero;F;Illeso;0;;Non accertato;Inesistente
1750828;2;13/01/2008 16:10;Strada Urbana;VIA DEL GIUBA;all'intersezione con;VIA ASMARA;VIA ASMARA;;;Tamponamento;Incrocio;Una carreggiata a senso unico di marcia;Asciutto;Asfaltata;Orizzontale;Nuvoloso;Scarso;Buona;Ore Diurne;0;0;0;4;;;-1;1;Autovettura privata;In marcia / fermata / arresto;Conducente;F;Illeso;0;;Non accertato;Inesistente
1750828;2;13/01/2008 16:10;Strada Urbana;VIA DEL GIUBA;all'intersezione con;VIA ASMARA;VIA ASMARA;;;Tamponamento;Incrocio;Una carreggiata a senso unico di marcia;Asciutto;Asfaltata;Orizzontale;Nuvoloso;Scarso;Buona;Ore Diurne;0;0;0;4;;;-1;1;Autovettura privata;In marcia / fermata / arresto;Passeggero;F;Illeso;0;;Non accertato;Inesistente
1750828;2;13/01/2008 16:10;Strada Urbana;VIA DEL GIUBA;all'intersezione con;VIA ASMARA;VIA ASMARA;;;Tamponamento;Incrocio;Una carreggiata a senso unico di marcia;Asciutto;Asfaltata;Orizzontale;Nuvoloso;Scarso;Buona;Ore Diurne;0;0;0;4;;;-1;2;Autovettura privata;In marcia / fermata / arresto;Conducente;F;Illeso;0;;Non accertato;Inesistente
1750828;2;13/01/2008 16:10;Strada Urbana;VIA DEL GIUBA;all'intersezione con;VIA ASMARA;VIA ASMARA;;;Tamponamento;Incrocio;Una carreggiata a senso unico di marcia;Asciutto;Asfaltata;Orizzontale;Nuvoloso;Scarso;Buona;Ore Diurne;0;0;0;4;;;-1;2;Autovettura privata;In marcia / fermata / arresto;Passeggero;M;Illeso;0;;Non accertato;Inesistente
1750829;2;14/01/2008 11:30;Strada Urbana;VIA SALARIA;in prossimità;;del civico n. ;415;;Scontro laterale fra veicoli in marcia;Rettilineo;Una carreggiata a doppio senso;Asciutto;Asfaltata;Verticale ed orizzontale;Sereno;Normale;Buona;Ore Diurne;0;0;0;2;;;-1;1;Motociclo a solo;In marcia / fermata / arresto;Conducente;F;Illeso;0;;Non accertato;Inesistente
1750829;2;14/01/2008 11:30;Strada Urbana;VIA SALARIA;in prossimità;;del civico n. ;415;;Scontro laterale fra veicoli in marcia;Rettilineo;Una carreggiata a doppio senso;Asciutto;Asfaltata;Verticale ed orizzontale;Sereno;Normale;Buona;Ore Diurne;0;0;0;2;;;-1;2;Autovettura privata;In marcia / fermata / arresto;Conducente;M;Illeso;0;;Non accertato;Inesistente
1750830;2;14/01/2008 14:00;Strada Urbana;VIALE DEL MURO TORTO;in prossimità;;del palo luce n. ;9;;Scontro laterale fra veicoli in marcia;Rettilineo;Due carreggiate;Asciutto;Asfaltata;Verticale ed orizzontale;Sereno;Intenso;Buona;Ore Diurne;1;0;0;1;;;-1;1;Autovettura privata;In marcia / fermata / arresto;Conducente;M;Rifiuta cure immediate;0;NON DECEDUTO;Non accertato;Inesistente
1750830;2;14/01/2008 14:00;Strada Urbana;VIALE DEL MURO TORTO;in prossimità;;del palo luce n. ;9;;Scontro laterale fra veicoli in marcia;Rettilineo;Due carreggiate;Asciutto;Asfaltata;Verticale ed orizzontale;Sereno;Intenso;Buona;Ore Diurne;1;0;0;1;;;-1;2;Autovettura privata;In marcia / fermata / arresto;Conducente;M;Illeso;0;;Non accertato;Inesistente
1750831;2;14/01/2008 18:15;Strada Urbana;VIALE MARESCIALLO PILSUDSKI;da specificare;;;;SVINCOLO CORSO fRANCIA;Scontro laterale fra veicoli in marcia;Rettilineo;Una carreggiata a senso unico di marcia;Asciutto;Asfaltata;Orizzontale;Sereno;Normale;Sufficiente;Sufficiente;0;0;0;2;;;-1;1;Autovettura privata;In marcia / fermata / arresto;Conducente;M;Illeso;0;;Non accertato;Inesistente
1750831;2;14/01/2008 18:15;Strada Urbana;VIALE MARESCIALLO PILSUDSKI;da specificare;;;;SVINCOLO CORSO fRANCIA;Scontro laterale fra veicoli in marcia;Rettilineo;Una carreggiata a senso unico di marcia;Asciutto;Asfaltata;Orizzontale;Sereno;Normale;Sufficiente;Sufficiente;0;0;0;2;;;-1;2;Autovettura privata;In marcia / fermata / arresto;Conducente;M;Illeso;0;;Non accertato;Inesistente
1750832;2;14/01/2008 18:40;Strada Urbana;VIA DI S. ANGELA MERICI;all'intersezione semaforizzata con;VIA NOMENTANA;VIA NOMENTANA;;;Investimento di pedone;Incrocio;Una carreggiata a doppio senso;Asciutto;Asfaltata;Verticale ed orizzontale;Sereno;Intenso;Sufficiente;Ore Diurne;3;0;0;1;;;-1;;;;Pedone;M;Rimandato;0;NON DECEDUTO;;
1750832;2;14/01/2008 18:40;Strada Urbana;VIA DI S. ANGELA MERICI;all'intersezione semaforizzata con;VIA NOMENTANA;VIA NOMENTANA;;;Investimento di pedone;Incrocio;Una carreggiata a doppio senso;Asciutto;Asfaltata;Verticale ed orizzontale;Sereno;Intenso;Sufficiente;Ore Diurne;3;0;0;1;;;-1;;;;Pedone;F;Rimandato;0;NON DECEDUTO;;
1750832;2;14/01/2008 18:40;Strada Urbana;VIA DI S. ANGELA MERICI;all'intersezione semaforizzata con;VIA NOMENTANA;VIA NOMENTANA;;;Investimento di pedone;Incrocio;Una carreggiata a doppio senso;Asciutto;Asfaltata;Verticale ed orizzontale;Sereno;Intenso;Sufficiente;Ore Diurne;3;0;0;1;;;-1;;;;Pedone;M;Rimandato;0;NON DECEDUTO;;
1750832;2;14/01/2008 18:40;Strada Urbana;VIA DI S. ANGELA MERICI;all'intersezione semaforizzata con;VIA NOMENTANA;VIA NOMENTANA;;;Investimento di pedone;Incrocio;Una carreggiata a doppio senso;Asciutto;Asfaltata;Verticale ed orizzontale;Sereno;Intenso;Sufficiente;Ore Diurne;3;0;0;1;;;-1;1;Autovettura privata;In marcia / fermata / arresto;Conducente;M;Illeso;0;;Non accertato;Inesistente
1750833;2;15/01/2008 08:45;Strada Urbana;VIA DEI CAMPI SPORTIVI;in corrispondenza;;del palo luce n. ;91;;Scontro laterale fra veicoli in marcia;Rettilineo;Una carreggiata a doppio senso;Asciutto;Asfaltata;Verticale ed orizzontale;Nuvoloso;Normale;Buona;Ore Diurne;0;0;0;5;;;-1;1;Autovettura privata;In marcia / fermata / arresto;Conducente;F;Illeso;0;;Non accertato;Inesploso
1750833;2;15/01/2008 08:45;Strada Urbana;VIA DEI CAMPI SPORTIVI;in corrispondenza;;del palo luce n. ;91;;Scontro laterale fra veicoli in marcia;Rettilineo;Una carreggiata a doppio senso;Asciutto;Asfaltata;Verticale ed orizzontale;Nuvoloso;Normale;Buona;Ore Diurne;0;0;0;5;;;-1;1;Autovettura privata;In marcia / fermata / arresto;Passeggero;F;Illeso;0;;Non accertato;Inesploso
1750833;2;15/01/2008 08:45;Strada Urbana;VIA DEI CAMPI SPORTIVI;in corrispondenza;;del palo luce n. ;91;;Scontro laterale fra veicoli in marcia;Rettilineo;Una carreggiata a doppio senso;Asciutto;Asfaltata;Verticale ed orizzontale;Nuvoloso;Normale;Buona;Ore Diurne;0;0;0;5;;;-1;1;Autovettura privata;In marcia / fermata / arresto;Passeggero;F;Illeso;0;;Non accertato;Inesistente
1750833;2;15/01/2008 08:45;Strada Urbana;VIA DEI CAMPI SPORTIVI;in corrispondenza;;del palo luce n. ;91;;Scontro laterale fra veicoli in marcia;Rettilineo;Una carreggiata a doppio senso;Asciutto;Asfaltata;Verticale ed orizzontale;Nuvoloso;Normale;Buona;Ore Diurne;0;0;0;5;;;-1;1;Autovettura privata;In marcia / fermata / arresto;Passeggero;F;Illeso;0;;Non accertato;Inesistente
1750833;2;15/01/2008 08:45;Strada Urbana;VIA DEI CAMPI SPORTIVI;in corrispondenza;;del palo luce n. ;91;;Scontro laterale fra veicoli in marcia;Rettilineo;Una carreggiata a doppio senso;Asciutto;Asfaltata;Verticale ed orizzontale;Nuvoloso;Normale;Buona;Ore Diurne;0;0;0;5;;;-1;2;Motociclo a solo;In marcia / fermata / arresto;Conducente;F;Illeso;0;;Non accertato;Inesistente
1750834;2;15/01/2008 16:00;Strada Urbana;VIA GARIGLIANO;all'intersezione con;VIA CLITUNNO;VIA CLITUNNO;;;Scontro frontale/laterale DX fra veicoli in marcia;Incrocio;Una carreggiata a senso unico di marcia;Bagnato (pioggia);Asfaltata;Verticale ed orizzontale;Pioggia in atto;Normale;Buona;Ore Diurne;1;0;0;1;;;-1;1;Autovettura privata;In marcia / fermata / arresto;Conducente;F;Rifiuta cure immediate;0;NON DECEDUTO;Non accertato;Esploso
1750834;2;15/01/2008 16:00;Strada Urbana;VIA GARIGLIANO;all'intersezione con;VIA CLITUNNO;VIA CLITUNNO;;;Scontro frontale/laterale DX fra veicoli in marcia;Incrocio;Una carreggiata a senso unico di marcia;Bagnato (pioggia);Asfaltata;Verticale ed orizzontale;Pioggia in atto;Normale;Buona;Ore Diurne;1;0;0;1;;;-1;2;Autovettura privata;In marcia / fermata / arresto;Conducente;M;Illeso;0;;Non accertato;Inesploso
1750835;2;13/01/2008 13:50;Strada Urbana;CORSO D'ITALIA;da specificare;;;;fronte civico 6 direzione Croce Rossa;Veicolo in marcia contro ostacolo fisso;Curva a visuale libera;Due carreggiate;Bagnato (pioggia);Asfaltata;Orizzontale;Nuvoloso;Normale;Buona;Ore Diurne;0;0;0;1;;;-1;1;Autovettura privata;In marcia / fermata / arresto;Conducente;M;Illeso;0;;Non accertato;Inesistente
1750836;2;15/01/2008 14:00;Strada Urbana;VIA GIOVANNI ALDEGA;in prossimità;;del civico n. ;2;;Veicolo in marcia contro veicolo in sosta;Rettilineo;Una carreggiata a senso unico di marcia;Bagnato (pioggia);Asfaltata;Verticale ed orizzontale;Pioggia in atto;Normale;Buona;Ore Diurne;0;0;0;1;;;-1;2;Autovettura privata;In marcia / fermata / arresto;Conducente;M;Illeso;0;;Non accertato;Inesistente
1750837;2;15/01/2008 15:30;Strada Urbana;VIA TEVERE;in prossimità;;del civico n. ;20;;Tamponamento;Rettilineo;Una carreggiata a senso unico di marcia;Bagnato (umidità in atto);Asfaltata;Verticale ed orizzontale;Pioggia in atto;Normale;Buona;Ore Diurne;1;0;0;1;;;-1;1;Autovettura privata;In marcia / fermata / arresto;Conducente;M;Illeso;0;;Non accertato;Inesistente
1750837;2;15/01/2008 15:30;Strada Urbana;VIA TEVERE;in prossimità;;del civico n. ;20;;Tamponamento;Rettilineo;Una carreggiata a senso unico di marcia;Bagnato (umidità in atto);Asfaltata;Verticale ed orizzontale;Pioggia in atto;Normale;Buona;Ore Diurne;1;0;0;1;;;-1;2;Ciclomotore;In marcia / fermata / arresto;Conducente;F;Rimandato;0;NON DECEDUTO;Non accertato;Inesistente
1750838;2;15/01/2008 16:15;Strada Urbana;VIA DEL FORO ITALICO;all'intersezione con;VIA DEI CAMPI SPORTIVI;VIA DEI CAMPI SPORTIVI;;;Scontro laterale fra veicoli in marcia;Incrocio;Due carreggiate;Bagnato (pioggia);Asfaltata;Orizzontale;Pioggia in atto;Intenso;Sufficiente;Ore Diurne;1;0;0;1;;;-1;1;Autovettura privata;In marcia / fermata / arresto;Conducente;M;Illeso;0;;Non accertato;Inesistente
1750838;2;15/01/2008 16:15;Strada Urbana;VIA DEL FORO ITALICO;all'intersezione con;VIA DEI CAMPI SPORTIVI;VIA DEI CAMPI SPORTIVI;;;Scontro laterale fra veicoli in marcia;Incrocio;Due carreggiate;Bagnato (pioggia);Asfaltata;Orizzontale;Pioggia in atto;Intenso;Sufficiente;Ore Diurne;1;0;0;1;;;-1;2;Motociclo a solo;In marcia / fermata / arresto;Conducente;M;Rimandato;0;NON DECEDUTO;Non accertato;Inesistente
1750839;2;15/01/2008 19:10;Strada Urbana;VIA DELLA FONTE DELL'ACQUA ACETOSA;all'intersezione con;PIAZZALE DEL PARCO DELLA RIMEMBRANZA;PIAZZALE DEL PARCO DELLA RIMEMBRANZA;;;Veicolo in marcia contro ostacolo accidentale;Incrocio;Una carreggiata a doppio senso;Bagnato (pioggia);Asfaltata;Verticale ed orizzontale;Pioggia in atto;Normale;Buona;Sufficiente;1;0;0;0;;;-1;1;Ciclomotore;In marcia / fermata / arresto;Conducente;M;Ricoverato;0;NON DECEDUTO;Non accertato;Inesistente
1750840;2;15/01/2008 20:30;Strada Urbana;PIAZZA SALERNO;da specificare;;;;fronte Via Baglivi;Scontro frontale/laterale DX fra veicoli in marcia;Curva a visuale libera;Una carreggiata a senso unico di marcia;Bagnato (umidità in atto);Asfaltata;Verticale ed orizzontale;Nuvoloso;Normale;Buona;Sufficiente;0;0;0;3;;;-1;1;Motociclo a solo;In marcia / fermata / arresto;Conducente;M;Illeso;0;;Non accertato;Inesistente
1750840;2;15/01/2008 20:30;Strada Urbana;PIAZZA SALERNO;da specificare;;;;fronte Via Baglivi;Scontro frontale/laterale DX fra veicoli in marcia;Curva a visuale libera;Una carreggiata a senso unico di marcia;Bagnato (umidità in atto);Asfaltata;Verticale ed orizzontale;Nuvoloso;Normale;Buona;Sufficiente;0;0;0;3;;;-1;2;Autovettura privata;In marcia / fermata / arresto;Conducente;M;Illeso;0;;Non accertato;Inesistente
1750840;2;15/01/2008 20:30;Strada Urbana;PIAZZA SALERNO;da specificare;;;;fronte Via Baglivi;Scontro frontale/laterale DX fra veicoli in marcia;Curva a visuale libera;Una carreggiata a senso unico di marcia;Bagnato (umidità in atto);Asfaltata;Verticale ed orizzontale;Nuvoloso;Normale;Buona;Sufficiente;0;0;0;3;;;-1;2;Autovettura privata;In marcia / fermata / arresto;Passeggero;M;Illeso;0;;Non accertato;Inesistente
1750842;2;16/01/2008 17:15;Strada Urbana;CIRCONVALLAZIONE SALARIA;da specificare;;;;pross. svincolo Prato della Signora, dir. stadio;Tamponamento;Curva a visuale libera;Due carreggiate;Bagnato (pioggia);Asfaltata;Verticale ed orizzontale;Pioggia in atto;Normale;Sufficiente;Sufficiente;0;0;0;2;;;-1;1;Autovettura privata;In marcia / fermata / arresto;Conducente;M;Illeso;0;;Non accertato;Inesploso
1750842;2;16/01/2008 17:15;Strada Urbana;CIRCONVALLAZIONE SALARIA;da specificare;;;;pross. svincolo Prato della Signora, dir. stadio;Tamponamento;Curva a visuale libera;Due carreggiate;Bagnato (pioggia);Asfaltata;Verticale ed orizzontale;Pioggia in atto;Normale;Sufficiente;Sufficiente;0;0;0;2;;;-1;2;Autovettura privata;In marcia / fermata / arresto;Conducente;M;Illeso;0;;Non accertato;Inesploso
1750843;2;16/01/2008 07:30;Strada Urbana;CORSO TRIESTE;in prossimità;;del civico n. ;157;;Tamponamento;Rettilineo;Due carreggiate;Bagnato (umidità in atto);Asfaltata;Orizzontale;Nuvoloso;Normale;Buona;Ore Diurne;1;0;0;1;;;-1;1;Autovettura privata;In marcia / fermata / arresto;Conducente;M;Illeso;0;;Non accertato;Inesploso
1750843;2;16/01/2008 07:30;Strada Urbana;CORSO TRIESTE;in prossimità;;del civico n. ;157;;Tamponamento;Rettilineo;Due carreggiate;Bagnato (umidità in atto);Asfaltata;Orizzontale;Nuvoloso;Normale;Buona;Ore Diurne;1;0;0;1;;;-1;2;Ciclomotore;In marcia / fermata / arresto;Conducente;F;Rimandato;0;NON DECEDUTO;Non accertato;Inesistente
1750845;2;16/01/2008 08:45;Strada Urbana;VIALE ROMANIA;all'intersezione con;VIA VITTORIO LOCCHI;VIA VITTORIO LOCCHI;;;Scontro frontale/laterale DX fra veicoli in marcia;Incrocio;Due carreggiate;Asciutto;Asfaltata;Orizzontale;Nuvoloso;Normale;Buona;Ore Diurne;0;0;0;2;;;-1;1;Autovettura privata;In marcia / fermata / arresto;Conducente;F;Illeso;0;;Non accertato;Inesistente
1750845;2;16/01/2008 08:45;Strada Urbana;VIALE ROMANIA;all'intersezione con;VIA VITTORIO LOCCHI;VIA VITTORIO LOCCHI;;;Scontro frontale/laterale DX fra veicoli in marcia;Incrocio;Due carreggiate;Asciutto;Asfaltata;Orizzontale;Nuvoloso;Normale;Buona;Ore Diurne;0;0;0;2;;;-1;2;Autovettura privata;In marcia / fermata / arresto;Conducente;F;Illeso;0;;Non accertato;Inesistente
1750846;2;16/01/2008 10:00;Strada Urbana;LUNGOTEVERE SALVO D'ACQUISTO;all'intersezione con;VIA URUGUAY;VIA URUGUAY;;;Scontro frontale/laterale DX fra veicoli in marcia;Incrocio;Una carreggiata a doppio senso;Bagnato (umidità in atto);Asfaltata;Verticale ed orizzontale;Nuvoloso;Normale;Buona;Ore Diurne;1;0;0;1;;;-1;1;Autovettura privata;In marcia / fermata / arresto;Conducente;M;Illeso;0;;Non accertato;Inesistente
1750846;2;16/01/2008 10:00;Strada Urbana;LUNGOTEVERE SALVO D'ACQUISTO;all'intersezione con;VIA URUGUAY;VIA URUGUAY;;;Scontro frontale/laterale DX fra veicoli in marcia;Incrocio;Una carreggiata a doppio senso;Bagnato (umidità in atto);Asfaltata;Verticale ed orizzontale;Nuvoloso;Normale;Buona;Ore Diurne;1;0;0;1;;;-1;2;Motociclo con passeggero;In marcia / fermata / arresto;Conducente;M;Rimandato;0;NON DECEDUTO;Non accertato;Inesistente
1750847;2;16/01/2008 10:00;Strada Urbana;VIALE BRUNO BUOZZI;in corrispondenza;;del civico n. ;102;;Infortunio per caduta del veicolo;Rettilineo;Una carreggiata a doppio senso;Bagnato (umidità in atto);Asfaltata;Orizzontale;Nuvoloso;Normale;Buona;Ore Diurne;1;0;0;1;;;-1;1;Autovettura pubblica;In marcia / fermata / arresto;Conducente;M;Illeso;0;;Non accertato;Inesistente
1750847;2;16/01/2008 10:00;Strada Urbana;VIALE BRUNO BUOZZI;in corrispondenza;;del civico n. ;102;;Infortunio per caduta del veicolo;Rettilineo;Una carreggiata a doppio senso;Bagnato (umidità in atto);Asfaltata;Orizzontale;Nuvoloso;Normale;Buona;Ore Diurne;1;0;0;1;;;-1;2;Motociclo a solo;In marcia / fermata / arresto;Conducente;F;Rimandato;0;NON DECEDUTO;Non accertato;Inesistente
1750848;2;16/01/2008 18:35;Strada Urbana;VIALE ROMANIA;in prossimità;;del civico n. ;3;;Scontro laterale fra veicoli in marcia;Rettilineo;Una carreggiata a doppio senso;Bagnato (pioggia);Asfaltata;Verticale ed orizzontale;Pioggia in atto;Intenso;Buona;Sufficiente;0;0;0;2;;;-1;1;Autovettura di polizia;In marcia / fermata / arresto;Conducente;M;Illeso;0;;Non accertato;Inesistente
1750848;2;16/01/2008 18:35;Strada Urbana;VIALE ROMANIA;in prossimità;;del civico n. ;3;;Scontro laterale fra veicoli in marcia;Rettilineo;Una carreggiata a doppio senso;Bagnato (pioggia);Asfaltata;Verticale ed orizzontale;Pioggia in atto;Intenso;Buona;Sufficiente;0;0;0;2;;;-1;2;Autovettura privata;In marcia / fermata / arresto;Conducente;F;Illeso;0;;Non accertato;Inesistente
1750849;2;16/01/2008 21:30;Strada Urbana;LUNGOTEVERE FLAMINIO;all'intersezione con;VIA VIRGINIO VESPIGNANI;VIA VIRGINIO VESPIGNANI;;;Scontro frontale/laterale SX fra veicoli in marcia;Intersezione stradale segnalata;Una carreggiata a doppio senso;Bagnato (pioggia);Asfaltata;Verticale ed orizzontale;Pioggia in atto;Normale;Buona;Sufficiente;0;0;0;2;;;-1;1;Autocarro inferiore 35 q.;In marcia / fermata / arresto;Conducente;M;Illeso;0;;Non accertato;Inesploso