Protocollo;Gruppo;DataOraIncidente;Localizzazione1;STRADA1;Localizzazione2;STRADA2;Strada02;Chilometrica;DaSpecificare;NaturaIncidente;particolaritastrade;TipoStrada;FondoStradale;Pavimentazione;Segnaletica;CondizioneAtmosferica;Traffico;Visibilita;Illuminazione;NUM_FERITI;NUM_RISERVATA;NUM_MORTI;NUM_ILLESI;Longitudine;Latitudine;Confermato;Progressivo;TipoVeicolo;StatoVeicolo;TipoPersona;Sesso;Tipolesione;Deceduto;DecedutoDopo;CinturaCascoUtilizzato;Airbag
1751444;8;26/01/2008 14:00;Statale entro l'abitato;VIA CASILINA;all'intersezione con;VIA DI PRATAPORCI;VIA DI PRATAPORCI;;;Scontro frontale/laterale SX fra veicoli in marcia;Incrocio;Una carreggiata a doppio senso;Asciutto;Asfaltata;Verticale ed orizzontale;Sereno;Intenso;Buona;Ore Diurne;0;0;0;3;;;-1;1;Autovettura privata;In marcia / fermata / arresto;Passeggero;F;Illeso;0;;Non accertato;Inesistente
1751444;8;26/01/2008 14:00;Statale entro l'abitato;VIA CASILINA;all'intersezione con;VIA DI PRATAPORCI;VIA DI PRATAPORCI;;;Scontro frontale/laterale SX fra veicoli in marcia;Incrocio;Una carreggiata a doppio senso;Asciutto;Asfaltata;Verticale ed orizzontale;Sereno;Intenso;Buona;Ore Diurne;0;0;0;3;;;-1;2;Autovettura privata;In marcia / fermata / arresto;Conducente;M;Illeso;0;;Non accertato;Inesploso
1751445;8;26/01/2008 15:15;Strada Urbana;VIA DI LUNGHEZZINA;da specificare;;;;rampa di accesso autostrada A24 dir. Roma-Napoli;Scontro frontale/laterale SX fra veicoli in marcia;Rettilineo;Una carreggiata a doppio senso;Asciutto;Asfaltata;Verticale ed orizzontale;Sereno;Normale;Buona;Ore Diurne;0;0;0;2;;;-1;1;Autovettura privata;In marcia / fermata / arresto;Conducente;M;Illeso;0;;Non accertato;Inesploso
1751445;8;26/01/2008 15:15;Strada Urbana;VIA DI LUNGHEZZINA;da specificare;;;;rampa di accesso autostrada A24 dir. Roma-Napoli;Scontro frontale/laterale SX fra veicoli in marcia;Rettilineo;Una carreggiata a doppio senso;Asciutto;Asfaltata;Verticale ed orizzontale;Sereno;Normale;Buona;Ore Diurne;0;0;0;2;;;-1;2;Autovettura privata;In marcia / fermata / arresto;Conducente;M;Illeso;0;;Non accertato;Inesistente
1751446;8;26/01/2008 15:45;Strada Urbana;VIA MASSA DI SAN GIULIANO;in corrispondenza;;del civico n. ;269;;Veicolo in marcia contro veicolo in sosta;Rettilineo;Una carreggiata a doppio senso;Asciutto;Asfaltata;Orizzontale;Sereno;Intenso;Buona;Ore Diurne;0;0;0;1;;;-1;1;Autovettura privata;In marcia / fermata / arresto;Conducente;M;Illeso;0;;Non accertato;Inesploso
1751447;8;26/01/2008 19:30;Statale entro l'abitato;VIA CASILINA;in corrispondenza;;del civico n. ;1370;;Scontro laterale fra veicoli in marcia;Rettilineo;Una carreggiata a doppio senso;Asciutto;Asfaltata;Verticale;Sereno;Normale;Sufficiente;Sufficiente;0;0;0;2;;;-1;1;Autocarro superiore 35 q.;In marcia / fermata / arresto;Conducente;M;Illeso;0;;Non accertato;Inesistente
1751447;8;26/01/2008 19:30;Statale entro l'abitato;VIA CASILINA;in corrispondenza;;del civico n. ;1370;;Scontro laterale fra veicoli in marcia;Rettilineo;Una carreggiata a doppio senso;Asciutto;Asfaltata;Verticale;Sereno;Normale;Sufficiente;Sufficiente;0;0;0;2;;;-1;2;Autovettura privata;In marcia / fermata / arresto;Conducente;M;Illeso;0;;Non accertato;Inesistente
1751448;8;26/01/2008 19:30;Strada Urbana;VIA DELLA RICERCA SCIENTIFICA;da specificare;;;;altezza A2 Roma-Napoli;Scontro laterale fra veicoli in marcia;Rettilineo;Una carreggiata a doppio senso;Asciutto;Asfaltata;Orizzontale;Sereno;Normale;Sufficiente;Sufficiente;0;0;0;4;;;-1;1;Autovettura privata;In marcia / fermata / arresto;Conducente;F;Illeso;0;;Non accertato;Inesploso
1751448;8;26/01/2008 19:30;Strada Urbana;VIA DELLA RICERCA SCIENTIFICA;da specificare;;;;altezza A2 Roma-Napoli;Scontro laterale fra veicoli in marcia;Rettilineo;Una carreggiata a doppio senso;Asciutto;Asfaltata;Orizzontale;Sereno;Normale;Sufficiente;Sufficiente;0;0;0;4;;;-1;1;Autovettura privata;In marcia / fermata / arresto;Passeggero;F;Illeso;0;;Non accertato;Inesistente
1751448;8;26/01/2008 19:30;Strada Urbana;VIA DELLA RICERCA SCIENTIFICA;da specificare;;;;altezza A2 Roma-Napoli;Scontro laterale fra veicoli in marcia;Rettilineo;Una carreggiata a doppio senso;Asciutto;Asfaltata;Orizzontale;Sereno;Normale;Sufficiente;Sufficiente;0;0;0;4;;;-1;1;Autovettura privata;In marcia / fermata / arresto;Passeggero;M;Illeso;0;;Non accertato;Inesploso
1751448;8;26/01/2008 19:30;Strada Urbana;VIA DELLA RICERCA SCIENTIFICA;da specificare;;;;altezza A2 Roma-Napoli;Scontro laterale fra veicoli in marcia;Rettilineo;Una carreggiata a doppio senso;Asciutto;Asfaltata;Orizzontale;Sereno;Normale;Sufficiente;Sufficiente;0;0;0;4;;;-1;2;Autobus in extraurbana;In marcia / fermata / arresto;Conducente;M;Illeso;0;;Esente;Inesistente
1751449;8;27/01/2008 00:50;Autostrada;RAMPA USCITA G.R.A. CARREGGIATA INTERNA;da specificare;;;;uscita Tor Bella Monaca;Scontro laterale fra veicoli in marcia;Rettilineo;Una carreggiata a senso unico di marcia;Asciutto;Asfaltata;Verticale ed orizzontale;Sereno;Normale;Buona;Sufficiente;0;0;0;2;;;-1;1;Autovettura privata;In marcia / fermata / arresto;Conducente;M;Illeso;0;;Non accertato;Inesistente
1751449;8;27/01/2008 00:50;Autostrada;RAMPA USCITA G.R.A. CARREGGIATA INTERNA;da specificare;;;;uscita Tor Bella Monaca;Scontro laterale fra veicoli in marcia;Rettilineo;Una carreggiata a senso unico di marcia;Asciutto;Asfaltata;Verticale ed orizzontale;Sereno;Normale;Buona;Sufficiente;0;0;0;2;;;-1;2;Autovettura privata;In marcia / fermata / arresto;Conducente;M;Illeso;0;;Utilizzato;Inesistente
1751450;8;27/01/2008 05:34;Strada Urbana;VIA DI ROCCA CENCIA;da specificare;;;;200 mt dopo incrocio via S. Alessio in Aspromonte;Scontro laterale fra veicoli in marcia;Rettilineo;Una carreggiata a senso unico di marcia;Ghiacciato;Asfaltata;Assente;Sereno;Scarso;Buona;Inesistente;0;0;0;2;;;-1;1;Autovettura privata;In marcia / fermata / arresto;Conducente;M;Illeso;0;;Non accertato;Inesistente
1751450;8;27/01/2008 05:34;Strada Urbana;VIA DI ROCCA CENCIA;da specificare;;;;200 mt dopo incrocio via S. Alessio in Aspromonte;Scontro laterale fra veicoli in marcia;Rettilineo;Una carreggiata a senso unico di marcia;Ghiacciato;Asfaltata;Assente;Sereno;Scarso;Buona;Inesistente;0;0;0;2;;;-1;2;Autovettura privata;In marcia / fermata / arresto;Conducente;M;Illeso;0;;Utilizzato;Inesistente
1751451;8;27/01/2008 11:40;Strada Urbana;VIA DI TOR BELLA MONACA;da specificare;;;;FRONTE LARGO F. MENGARONI 11 PAL. F DIR. G.R.A.;Scontro laterale fra veicoli in marcia;Rettilineo;Una carreggiata a senso unico di marcia;Asciutto;Asfaltata;Verticale;Sereno;Normale;Buona;Ore Diurne;0;0;0;8;;;-1;1;Autovettura privata;In marcia / fermata / arresto;Conducente;F;Illeso;0;;Non accertato;Inesploso
1751451;8;27/01/2008 11:40;Strada Urbana;VIA DI TOR BELLA MONACA;da specificare;;;;FRONTE LARGO F. MENGARONI 11 PAL. F DIR. G.R.A.;Scontro laterale fra veicoli in marcia;Rettilineo;Una carreggiata a senso unico di marcia;Asciutto;Asfaltata;Verticale;Sereno;Normale;Buona;Ore Diurne;0;0;0;8;;;-1;1;Autovettura privata;In marcia / fermata / arresto;Passeggero;F;Illeso;0;;Non accertato;Inesistente
1751451;8;27/01/2008 11:40;Strada Urbana;VIA DI TOR BELLA MONACA;da specificare;;;;FRONTE LARGO F. MENGARONI 11 PAL. F DIR. G.R.A.;Scontro laterale fra veicoli in marcia;Rettilineo;Una carreggiata a senso unico di marcia;Asciutto;Asfaltata;Verticale;Sereno;Normale;Buona;Ore Diurne;0;0;0;8;;;-1;1;Autovettura privata;In marcia / fermata / arresto;Passeggero;F;Illeso;0;;Non accertato;Inesploso
1751451;8;27/01/2008 11:40;Strada Urbana;VIA DI TOR BELLA MONACA;da specificare;;;;FRONTE LARGO F. MENGARONI 11 PAL. F DIR. G.R.A.;Scontro laterale fra veicoli in marcia;Rettilineo;Una carreggiata a senso unico di marcia;Asciutto;Asfaltata;Verticale;Sereno;Normale;Buona;Ore Diurne;0;0;0;8;;;-1;1;Autovettura privata;In marcia / fermata / arresto;Passeggero;F;Illeso;0;;Non accertato;Inesistente
1751451;8;27/01/2008 11:40;Strada Urbana;VIA DI TOR BELLA MONACA;da specificare;;;;FRONTE LARGO F. MENGARONI 11 PAL. F DIR. G.R.A.;Scontro laterale fra veicoli in marcia;Rettilineo;Una carreggiata a senso unico di marcia;Asciutto;Asfaltata;Verticale;Sereno;Normale;Buona;Ore Diurne;0;0;0;8;;;-1;1;Autovettura privata;In marcia / fermata / arresto;Passeggero;M;Illeso;0;;Non accertato;Inesistente
1751451;8;27/01/2008 11:40;Strada Urbana;VIA DI TOR BELLA MONACA;da specificare;;;;FRONTE LARGO F. MENGARONI 11 PAL. F DIR. G.R.A.;Scontro laterale fra veicoli in marcia;Rettilineo;Una carreggiata a senso unico di marcia;Asciutto;Asfaltata;Verticale;Sereno;Normale;Buona;Ore Diurne;0;0;0;8;;;-1;2;Autovettura privata;In marcia / fermata / arresto;Conducente;M;Illeso;0;;Non accertato;Inesistente
1751451;8;27/01/2008 11:40;Strada Urbana;VIA DI TOR BELLA MONACA;da specificare;;;;FRONTE LARGO F. MENGARONI 11 PAL. F DIR. G.R.A.;Scontro laterale fra veicoli in marcia;Rettilineo;Una carreggiata a senso unico di marcia;Asciutto;Asfaltata;Verticale;Sereno;Normale;Buona;Ore Diurne;0;0;0;8;;;-1;2;Autovettura privata;In marcia / fermata / arresto;Passeggero;M;Illeso;0;;Non accertato;Inesistente
1751451;8;27/01/2008 11:40;Strada Urbana;VIA DI TOR BELLA MONACA;da specificare;;;;FRONTE LARGO F. MENGARONI 11 PAL. F DIR. G.R.A.;Scontro laterale fra veicoli in marcia;Rettilineo;Una carreggiata a senso unico di marcia;Asciutto;Asfaltata;Verticale;Sereno;Normale;Buona;Ore Diurne;0;0;0;8;;;-1;3;Autovettura privata;In marcia / fermata / arresto;Conducente;M;Illeso;0;;Non accertato;Inesistente
1751452;8;27/01/2008 12:15;Strada Urbana;VIA SAN BIAGIO PLATANI;in prossimità;;del civico n. ;270;;Scontro frontale/laterale DX fra veicoli in marcia;Rettilineo;Una carreggiata a doppio senso;Asciutto;Asfaltata;Verticale ed orizzontale;Sereno;Normale;Buona;Ore Diurne;3;0;0;1;;;-1;1;Autovettura privata;In marcia / fermata / arresto;Conducente;M;Illeso;0;;Non accertato;Inesistente
1751452;8;27/01/2008 12:15;Strada Urbana;VIA SAN BIAGIO PLATANI;in prossimità;;del civico n. ;270;;Scontro frontale/laterale DX fra veicoli in marcia;Rettilineo;Una carreggiata a doppio senso;Asciutto;Asfaltata;Verticale ed orizzontale;Sereno;Normale;Buona;Ore Diurne;3;0;0;1;;;-1;2;Autovettura privata;In marcia / fermata / arresto;Conducente;M;Rimandato;0;NON DECEDUTO;Non accertato;Inesploso
1751452;8;27/01/2008 12:15;Strada Urbana;VIA SAN BIAGIO PLATANI;in prossimità;;del civico n. ;270;;Scontro frontale/laterale DX fra veicoli in marcia;Rettilineo;Una carreggiata a doppio senso;Asciutto;Asfaltata;Verticale ed orizzontale;Sereno;Normale;Buona;Ore Diurne;3;0;0;1;;;-1;2;Autovettura privata;In marcia / fermata / arresto;Passeggero;M;Rimandato;0;NON DECEDUTO;Non accertato;Inesploso
1751452;8;27/01/2008 12:15;Strada Urbana;VIA SAN BIAGIO PLATANI;in prossimità;;del civico n. ;270;;Scontro frontale/laterale DX fra veicoli in marcia;Rettilineo;Una carreggiata a doppio senso;Asciutto;Asfaltata;Verticale ed orizzontale;Sereno;Normale;Buona;Ore Diurne;3;0;0;1;;;-1;2;Autovettura privata;In marcia / fermata / arresto;Passeggero;F;Rimandato;0;NON DECEDUTO;Non accertato;Inesistente
1751453;8;27/01/2008 13:30;Strada Urbana;VIA DEL FOSSO DI S. MAURA;da specificare;;;;50 MT. PRIMA DELL'INCROCIO CON VIALE S.MAURA ;Veicolo in marcia contro ostacolo accidentale;Rettilineo;Una carreggiata a doppio senso;Asciutto;Asfaltata;Verticale ed orizzontale;Nuvoloso;Normale;Buona;Ore Diurne;0;0;0;2;;;-1;1;Autovettura privata;In marcia / fermata / arresto;Conducente;M;Illeso;0;;Non accertato;Inesploso
1751453;8;27/01/2008 13:30;Strada Urbana;VIA DEL FOSSO DI S. MAURA;da specificare;;;;50 MT. PRIMA DELL'INCROCIO CON VIALE S.MAURA ;Veicolo in marcia contro ostacolo accidentale;Rettilineo;Una carreggiata a doppio senso;Asciutto;Asfaltata;Verticale ed orizzontale;Nuvoloso;Normale;Buona;Ore Diurne;0;0;0;2;;;-1;1;Autovettura privata;In marcia / fermata / arresto;Passeggero;F;Illeso;0;;Non accertato;Inesploso
1751454;8;27/01/2008 20:15;Strada Urbana;VIA DI TOR BELLA MONACA;da specificare;;;;"altezza ""MC' DONALD'S""";Tamponamento;Rettilineo;Due carreggiate;Asciutto;Asfaltata;Verticale ed orizzontale;Sereno;Normale;Sufficiente;Sufficiente;1;0;0;1;;;-1;1;Autovettura privata;In marcia / fermata / arresto;Conducente;M;Illeso;0;;Non accertato;Inesploso
1751454;8;27/01/2008 20:15;Strada Urbana;VIA DI TOR BELLA MONACA;da specificare;;;;"altezza ""MC' DONALD'S""";Tamponamento;Rettilineo;Due carreggiate;Asciutto;Asfaltata;Verticale ed orizzontale;Sereno;Normale;Sufficiente;Sufficiente;1;0;0;1;;;-1;2;Autovettura privata;In marcia / fermata / arresto;Conducente;F;Rifiuta cure immediate;0;NON DECEDUTO;Non accertato;Inesploso
1751455;8;27/01/2008 22:40;Provinciale entro l'abitato;VIA PRENESTINA;in prossimità;;del civico n. ;1153;;Tamponamento Multiplo;Rettilineo;Una carreggiata a doppio senso;Asciutto;Asfaltata;Verticale;Sereno;Normale;Insufficiente;Inesistente;2;0;0;0;;;-1;1;Autovettura privata;In marcia / fermata / arresto;Conducente;M;Rifiuta cure immediate;0;NON DECEDUTO;Non accertato;Inesistente
1751455;8;27/01/2008 22:40;Provinciale entro l'abitato;VIA PRENESTINA;in prossimità;;del civico n. ;1153;;Tamponamento Multiplo;Rettilineo;Una carreggiata a doppio senso;Asciutto;Asfaltata;Verticale;Sereno;Normale;Insufficiente;Inesistente;2;0;0;0;;;-1;2;Autovettura privata;In marcia / fermata / arresto;Conducente;M;Rifiuta cure immediate;0;NON DECEDUTO;Non accertato;Inesploso
1751456;8;28/01/2008 08:30;Strada Urbana;VIA DEL FUOCO SACRO;all'intersezione con;VIA CARLO PALOMBI;VIA CARLO PALOMBI;;;Scontro frontale/laterale DX fra veicoli in marcia;Intersezione stradale segnalata;Una carreggiata a doppio senso;Asciutto;Asfaltata;Verticale ed orizzontale;Sereno;Intenso;Buona;Ore Diurne;1;0;0;2;;;-1;1;Autovettura privata;In marcia / fermata / arresto;Conducente;M;Illeso;0;;Non accertato;Inesistente
1751456;8;28/01/2008 08:30;Strada Urbana;VIA DEL FUOCO SACRO;all'intersezione con;VIA CARLO PALOMBI;VIA CARLO PALOMBI;;;Scontro frontale/laterale DX fra veicoli in marcia;Intersezione stradale segnalata;Una carreggiata a doppio senso;Asciutto;Asfaltata;Verticale ed orizzontale;Sereno;Intenso;Buona;Ore Diurne;1;0;0;2;;;-1;1;Autovettura privata;In marcia / fermata / arresto;Passeggero;F;Rimandato;0;NON DECEDUTO;Non accertato;Inesistente
1751456;8;28/01/2008 08:30;Strada Urbana;VIA DEL FUOCO SACRO;all'intersezione con;VIA CARLO PALOMBI;VIA CARLO PALOMBI;;;Scontro frontale/laterale DX fra veicoli in marcia;Intersezione stradale segnalata;Una carreggiata a doppio senso;Asciutto;Asfaltata;Verticale ed orizzontale;Sereno;Intenso;Buona;Ore Diurne;1;0;0;2;;;-1;2;Autovettura privata;In marcia / fermata / arresto;Conducente;F;Illeso;0;;Non accertato;Inesistente
1751457;8;28/01/2008 09:30;Strada Urbana;VIA ATTAVANTE DEGLI ATTAVANTI;all'intersezione con;VIA NICOLA SCARANO;VIA NICOLA SCARANO;;;Scontro frontale/laterale SX fra veicoli in marcia;Incrocio;Una carreggiata a senso unico di marcia;Asciutto;Asfaltata;Verticale;Sereno;Scarso;Sufficiente;Ore Diurne;2;0;0;0;;;-1;1;Autovettura privata;In marcia / fermata / arresto;Conducente;F;Rimandato;0;NON DECEDUTO;Non accertato;Esploso
1751457;8;28/01/2008 09:30;Strada Urbana;VIA ATTAVANTE DEGLI ATTAVANTI;all'intersezione con;VIA NICOLA SCARANO;VIA NICOLA SCARANO;;;Scontro frontale/laterale SX fra veicoli in marcia;Incrocio;Una carreggiata a senso unico di marcia;Asciutto;Asfaltata;Verticale;Sereno;Scarso;Sufficiente;Ore Diurne;2;0;0;0;;;-1;2;Autovettura privata;In marcia / fermata / arresto;Conducente;F;Rifiuta cure immediate;0;NON DECEDUTO;Non accertato;Inesploso
1751458;8;28/01/2008 09:40;Strada Urbana;VIA PIETRO WUHRER;in prossimità;;del civico n. ;52;;Veicolo in marcia contro veicolo fermo;Rettilineo;Una carreggiata a doppio senso;Asciutto;Asfaltata;Verticale;Sereno;Scarso;Buona;Ore Diurne;0;0;0;2;;;-1;1;Autovettura privata;In marcia / fermata / arresto;Conducente;F;Illeso;0;;Non accertato;Inesploso
1751458;8;28/01/2008 09:40;Strada Urbana;VIA PIETRO WUHRER;in prossimità;;del civico n. ;52;;Veicolo in marcia contro veicolo fermo;Rettilineo;Una carreggiata a doppio senso;Asciutto;Asfaltata;Verticale;Sereno;Scarso;Buona;Ore Diurne;0;0;0;2;;;-1;2;Autocarro superiore 35 q.;In marcia / fermata / arresto;Conducente;M;Illeso;0;;Non accertato;Inesploso
1751459;8;28/01/2008 10:10;Strada Urbana;VIA RUGANTINO;all'intersezione con;VIA GIUSEPPE MICHELI;VIA GIUSEPPE MICHELI;;;Scontro frontale/laterale DX fra veicoli in marcia;Incrocio;Una carreggiata a doppio senso;Asciutto;Asfaltata;Orizzontale;Sereno;Scarso;Buona;Ore Diurne;0;0;0;2;;;-1;1;Autovettura privata;In marcia / fermata / arresto;Conducente;M;Illeso;0;;Utilizzato;Inesistente
1751459;8;28/01/2008 10:10;Strada Urbana;VIA RUGANTINO;all'intersezione con;VIA GIUSEPPE MICHELI;VIA GIUSEPPE MICHELI;;;Scontro frontale/laterale DX fra veicoli in marcia;Incrocio;Una carreggiata a doppio senso;Asciutto;Asfaltata;Orizzontale;Sereno;Scarso;Buona;Ore Diurne;0;0;0;2;;;-1;2;Autovettura privata;In marcia / fermata / arresto;Conducente;M;Illeso;0;;Utilizzato;Inesistente
1751460;8;28/01/2008 12:30;Statale entro l'abitato;VIA CASILINA;all'intersezione con;VIA SICULIANA;VIA SICULIANA;;;Tamponamento;Incrocio;Una carreggiata a doppio senso;Asciutto;Asfaltata;Verticale ed orizzontale;Sereno;Normale;Buona;Ore Diurne;1;0;0;1;;;-1;1;Autovettura privata;In marcia / fermata / arresto;Conducente;M;Rimandato;0;NON DECEDUTO;Non accertato;Inesistente
1751460;8;28/01/2008 12:30;Statale entro l'abitato;VIA CASILINA;all'intersezione con;VIA SICULIANA;VIA SICULIANA;;;Tamponamento;Incrocio;Una carreggiata a doppio senso;Asciutto;Asfaltata;Verticale ed orizzontale;Sereno;Normale;Buona;Ore Diurne;1;0;0;1;;;-1;2;Autovettura privata;In marcia / fermata / arresto;Conducente;F;Illeso;0;;Non accertato;Inesistente
1751461;8;28/01/2008 13:35;Strada Urbana;VIA TUSA;in prossimità;;del civico n. ;54;;Veicolo in marcia contro veicolo in sosta;Rettilineo;Una carreggiata a doppio senso;Asciutto;Asfaltata;Verticale ed orizzontale;Sereno;Scarso;Buona;Ore Diurne;0;0;0;1;;;-1;2;Autobus di linea;In marcia / fermata / arresto;Conducente;M;Illeso;0;;Non accertato;Inesistente
1751462;8;28/01/2008 18:20;Strada Urbana;VIA CAMPOFIORITO;all'intersezione con;VIA SERRADIFALCO;VIA SERRADIFALCO;;;Scontro frontale/laterale SX fra veicoli in marcia;Incrocio;Una carreggiata a senso unico di marcia;Asciutto;Asfaltata;Verticale;Sereno;Normale;Buona;Sufficiente;0;0;0;4;;;-1;1;Autovettura privata;In marcia / fermata / arresto;Conducente;M;Illeso;0;;Non accertato;Inesploso
1751462;8;28/01/2008 18:20;Strada Urbana;VIA CAMPOFIORITO;all'intersezione con;VIA SERRADIFALCO;VIA SERRADIFALCO;;;Scontro frontale/laterale SX fra veicoli in marcia;Incrocio;Una carreggiata a senso unico di marcia;Asciutto;Asfaltata;Verticale;Sereno;Normale;Buona;Sufficiente;0;0;0;4;;;-1;1;Autovettura privata;In marcia / fermata / arresto;Passeggero;F;Illeso;0;;Non accertato;Inesploso
1751462;8;28/01/2008 18:20;Strada Urbana;VIA CAMPOFIORITO;all'intersezione con;VIA SERRADIFALCO;VIA SERRADIFALCO;;;Scontro frontale/laterale SX fra veicoli in marcia;Incrocio;Una carreggiata a senso unico di marcia;Asciutto;Asfaltata;Verticale;Sereno;Normale;Buona;Sufficiente;0;0;0;4;;;-1;1;Autovettura privata;In marcia / fermata / arresto;Passeggero;F;Illeso;0;;Non accertato;Inesistente
1751462;8;28/01/2008 18:20;Strada Urbana;VIA CAMPOFIORITO;all'intersezione con;VIA SERRADIFALCO;VIA SERRADIFALCO;;;Scontro frontale/laterale SX fra veicoli in marcia;Incrocio;Una carreggiata a senso unico di marcia;Asciutto;Asfaltata;Verticale;Sereno;Normale;Buona;Sufficiente;0;0;0;4;;;-1;2;Autovettura privata;In marcia / fermata / arresto;Conducente;M;Illeso;0;;Non accertato;Inesistente
1751463;8;28/01/2008 19:20;Strada Urbana;VIA DI ROCCA CENCIA;in corrispondenza;;del civico n. ;80;;Investimento di pedone;Rettilineo;Una carreggiata a doppio senso;Asciutto;Asfaltata;Orizzontale;Sereno;Normale;Buona;Inesistente;2;0;0;1;;;-1;;;;Pedone sconosciuto;M;Illeso;0;;;
1751463;8;28/01/2008 19:20;Strada Urbana;VIA DI ROCCA CENCIA;in corrispondenza;;del civico n. ;80;;Investimento di pedone;Rettilineo;Una carreggiata a doppio senso;Asciutto;Asfaltata;Orizzontale;Sereno;Normale;Buona;Inesistente;2;0;0;1;;;-1;1;Motociclo con passeggero;In marcia / fermata / arresto;Conducente;M;Rimandato;0;NON DECEDUTO;Non accertato;Inesistente
1751463;8;28/01/2008 19:20;Strada Urbana;VIA DI ROCCA CENCIA;in corrispondenza;;del civico n. ;80;;Investimento di pedone;Rettilineo;Una carreggiata a doppio senso;Asciutto;Asfaltata;Orizzontale;Sereno;Normale;Buona;Inesistente;2;0;0;1;;;-1;1;Motociclo con passeggero;In marcia / fermata / arresto;Passeggero;M;Rifiuta cure immediate;0;NON DECEDUTO;Non accertato;Inesistente
1751465;9;15/01/2008 09:15;Strada Urbana;VIA VOLTERRA;all'intersezione con;VIA FERMO;VIA FERMO;;;Scontro frontale/laterale SX fra veicoli in marcia;Incrocio;Una carreggiata a senso unico di marcia;Asciutto;Asfaltata;Verticale ed orizzontale;Nuvoloso;Scarso;Buona;Ore Diurne;1;0;0;1;;;-1;1;Autovettura privata;In marcia / fermata / arresto;Conducente;M;Rimandato;0;NON DECEDUTO;Non accertato;Inesploso
1751465;9;15/01/2008 09:15;Strada Urbana;VIA VOLTERRA;all'intersezione con;VIA FERMO;VIA FERMO;;;Scontro frontale/laterale SX fra veicoli in marcia;Incrocio;Una carreggiata a senso unico di marcia;Asciutto;Asfaltata;Verticale ed orizzontale;Nuvoloso;Scarso;Buona;Ore Diurne;1;0;0;1;;;-1;2;Autovettura privata;In marcia / fermata / arresto;Conducente;M;Illeso;0;;Non accertato;Inesistente
1751466;9;15/01/2008 13:45;Strada Urbana;VIA CENEDA;in prossimità;;del civico n. ;35;;Tamponamento;Rettilineo;Una carreggiata a senso unico di marcia;Bagnato (pioggia);Asfaltata;Assente;Nuvoloso;Scarso;Buona;Ore Diurne;0;0;0;2;;;-1;1;Autocarro inferiore 35 q.;In marcia / fermata / arresto;Conducente;M;Illeso;0;;Non accertato;Inesistente
1751466;9;15/01/2008 13:45;Strada Urbana;VIA CENEDA;in prossimità;;del civico n. ;35;;Tamponamento;Rettilineo;Una carreggiata a senso unico di marcia;Bagnato (pioggia);Asfaltata;Assente;Nuvoloso;Scarso;Buona;Ore Diurne;0;0;0;2;;;-1;2;Autovettura privata;In marcia / fermata / arresto;Conducente;M;Illeso;0;;Non accertato;Inesistente
1751467;9;15/01/2008 16:30;Strada Urbana;VIA APPIA NUOVA;da specificare;;;;pross. fr.te civ. 449;Scontro laterale fra veicoli in marcia;Rettilineo;Due carreggiate;Bagnato (pioggia);Asfaltata;Orizzontale;Pioggia in atto;Intenso;Buona;Sufficiente;0;0;0;3;;;-1;1;Motociclo a solo;In marcia / fermata / arresto;Conducente;M;Illeso;0;;Non accertato;Inesistente
1751467;9;15/01/2008 16:30;Strada Urbana;VIA APPIA NUOVA;da specificare;;;;pross. fr.te civ. 449;Scontro laterale fra veicoli in marcia;Rettilineo;Due carreggiate;Bagnato (pioggia);Asfaltata;Orizzontale;Pioggia in atto;Intenso;Buona;Sufficiente;0;0;0;3;;;-1;2;Autovettura privata;Sosta;Conducente;F;Illeso;0;;Non accertato;Inesistente
1751467;9;15/01/2008 16:30;Strada Urbana;VIA APPIA NUOVA;da specificare;;;;pross. fr.te civ. 449;Scontro laterale fra veicoli in marcia;Rettilineo;Due carreggiate;Bagnato (pioggia);Asfaltata;Orizzontale;Pioggia in atto;Intenso;Buona;Sufficiente;0;0;0;3;;;-1;3;Autocarro inferiore 35 q.;In marcia / fermata / arresto;Conducente;M;Illeso;0;;Non accertato;Inesistente
1751468;9;15/01/2008 18:15;Strada Urbana;VIA MONZA;all'intersezione semaforizzata con;VIA TARANTO;VIA TARANTO;;;Investimento di pedone;Incrocio;Una carreggiata a doppio senso;Bagnato (pioggia);Asfaltata;Verticale ed orizzontale;Pioggia in atto;Normale;Buona;Sufficiente;1;0;0;3;;;-1;;;;Pedone;F;Ricoverato;0;NON DECEDUTO;;
1751468;9;15/01/2008 18:15;Strada Urbana;VIA MONZA;all'intersezione semaforizzata con;VIA TARANTO;VIA TARANTO;;;Investimento di pedone;Incrocio;Una carreggiata a doppio senso;Bagnato (pioggia);Asfaltata;Verticale ed orizzontale;Pioggia in atto;Normale;Buona;Sufficiente;1;0;0;3;;;-1;1;Autovettura privata;In marcia / fermata / arresto;Conducente;F;Illeso;0;;Non accertato;Inesploso
1751468;9;15/01/2008 18:15;Strada Urbana;VIA MONZA;all'intersezione semaforizzata con;VIA TARANTO;VIA TARANTO;;;Investimento di pedone;Incrocio;Una carreggiata a doppio senso;Bagnato (pioggia);Asfaltata;Verticale ed orizzontale;Pioggia in atto;Normale;Buona;Sufficiente;1;0;0;3;;;-1;1;Autovettura privata;In marcia / fermata / arresto;Passeggero;F;Illeso;0;;Non accertato;Inesploso