Protocollo;Gruppo;DataOraIncidente;Localizzazione1;STRADA1;Localizzazione2;STRADA2;Strada02;Chilometrica;DaSpecificare;NaturaIncidente;particolaritastrade;TipoStrada;FondoStradale;Pavimentazione;Segnaletica;CondizioneAtmosferica;Traffico;Visibilita;Illuminazione;NUM_FERITI;NUM_RISERVATA;NUM_MORTI;NUM_ILLESI;Longitudine;Latitudine;Confermato;Progressivo;TipoVeicolo;StatoVeicolo;TipoPersona;Sesso;Tipolesione;Deceduto;DecedutoDopo;CinturaCascoUtilizzato;Airbag
1751865;11;30/01/2008 15:30;Strada Urbana;VIA CRISTOFORO COLOMBO;all'intersezione semaforizzata con;LARGO ANGELO FOCHETTI;LARGO ANGELO FOCHETTI;;;Scontro frontale/laterale SX fra veicoli in marcia;Intersezione semaforizzata;Più di due carreggiate;Asciutto;Asfaltata;Verticale ed orizzontale;Sereno;Normale;Buona;Ore Diurne;2;0;0;0;;;-1;1;Autovettura privata;In marcia / fermata / arresto;Conducente;M;Rimandato;0;NON DECEDUTO;Non accertato;Inesistente
1751865;11;30/01/2008 15:30;Strada Urbana;VIA CRISTOFORO COLOMBO;all'intersezione semaforizzata con;LARGO ANGELO FOCHETTI;LARGO ANGELO FOCHETTI;;;Scontro frontale/laterale SX fra veicoli in marcia;Intersezione semaforizzata;Più di due carreggiate;Asciutto;Asfaltata;Verticale ed orizzontale;Sereno;Normale;Buona;Ore Diurne;2;0;0;0;;;-1;2;Autovettura privata;In marcia / fermata / arresto;Conducente;M;Rimandato;0;NON DECEDUTO;Non accertato;Inesistente
1751866;11;30/01/2008 19:50;Comunale extraurbana;VIA DI FIORANELLO;da specificare;;;;1 Km circa dopo Via Appia Antica dir. Ardeatina;Fuoriuscita dalla sede stradale;Curva senza visuale libera;Una carreggiata a doppio senso;Asciutto;Asfaltata;Assente;Sereno;Scarso;Insufficiente;Inesistente;1;0;0;0;;;-1;0;Autovettura privata;In marcia / fermata / arresto;Conducente;M;Rimandato;0;NON DECEDUTO;Non accertato;Inesistente
1751867;11;30/01/2008 20:30;Strada Urbana;PIAZZALE TOMMASO EDISON;da specificare;;;;snc;Scontro laterale fra veicoli in marcia;Rettilineo;Più di due carreggiate;Asciutto;Asfaltata;Verticale ed orizzontale;Sereno;Scarso;Buona;Sufficiente;0;0;0;2;;;-1;1;Autovettura privata;In marcia / fermata / arresto;Conducente;F;Illeso;0;;Non accertato;Inesistente
1751867;11;30/01/2008 20:30;Strada Urbana;PIAZZALE TOMMASO EDISON;da specificare;;;;snc;Scontro laterale fra veicoli in marcia;Rettilineo;Più di due carreggiate;Asciutto;Asfaltata;Verticale ed orizzontale;Sereno;Scarso;Buona;Sufficiente;0;0;0;2;;;-1;2;Autovettura privata;In marcia / fermata / arresto;Conducente;M;Illeso;0;;Non accertato;Inesistente
1751868;12;30/01/2008 08:55;Strada Urbana;VIA DI DECIMA;all'intersezione con;VIA DOMENICO JACHINO;VIA DOMENICO JACHINO;;;Infortunio per caduta del veicolo;Rotatoria;Una carreggiata a senso unico di marcia;Sdrucciolevole (pietrisco);Asfaltata;Verticale ed orizzontale;Sereno;Normale;Buona;Sufficiente;1;0;0;0;;;-1;1;Motociclo a solo;In marcia / fermata / arresto;Conducente;M;Rimandato;0;NON DECEDUTO;Utilizzato;Inesistente
1751869;12;30/01/2008 21:55;Strada Urbana;VIA CRISTOFORO COLOMBO;all'intersezione semaforizzata con;VIALE DELLA CIVILTA' DEL LAVORO;VIALE DELLA CIVILTA' DEL LAVORO;;;Scontro frontale/laterale DX fra veicoli in marcia;Intersezione stradale segnalata;Due carreggiate;Asciutto;Asfaltata;Verticale ed orizzontale;Sereno;Scarso;Buona;Sufficiente;2;0;0;0;;;-1;1;Autovettura privata;In marcia / fermata / arresto;Conducente;M;Rimandato;0;NON DECEDUTO;Utilizzato;Inesistente
1751869;12;30/01/2008 21:55;Strada Urbana;VIA CRISTOFORO COLOMBO;all'intersezione semaforizzata con;VIALE DELLA CIVILTA' DEL LAVORO;VIALE DELLA CIVILTA' DEL LAVORO;;;Scontro frontale/laterale DX fra veicoli in marcia;Intersezione stradale segnalata;Due carreggiate;Asciutto;Asfaltata;Verticale ed orizzontale;Sereno;Scarso;Buona;Sufficiente;2;0;0;0;;;-1;2;Autovettura privata;In marcia / fermata / arresto;Conducente;F;Rimandato;0;NON DECEDUTO;Utilizzato;Inesistente
1751870;12;31/01/2008 05:30;Strada Urbana;VIA VITALIANO ROTELLINI;in corrispondenza;;del civico n. ;71;;Veicolo in marcia contro veicoli in sosta;Curva a visuale libera;Una carreggiata a doppio senso;Asciutto;Asfaltata;Verticale ed orizzontale;Nuvoloso;Scarso;Buona;Sufficiente;0;0;0;1;;;-1;3;Autovettura privata;In marcia / fermata / arresto;Conducente;M;Illeso;0;;Non accertato;Inesistente
1751871;12;31/01/2008 11:30;Strada Urbana;VIA DELLA CECCHIGNOLA;da specificare;;;;altezza G.R.A. DIR. Tor Pagnotta;Veicolo in marcia contro ostacolo fisso;Curva a visuale libera;Una carreggiata a doppio senso;Bagnato (pioggia);Asfaltata;Verticale ed orizzontale;Pioggia in atto;Scarso;Buona;Ore Diurne;0;0;0;2;;;-1;1;Autovettura privata;In marcia / fermata / arresto;Conducente;F;Illeso;0;;Utilizzato;Inesistente
1751871;12;31/01/2008 11:30;Strada Urbana;VIA DELLA CECCHIGNOLA;da specificare;;;;altezza G.R.A. DIR. Tor Pagnotta;Veicolo in marcia contro ostacolo fisso;Curva a visuale libera;Una carreggiata a doppio senso;Bagnato (pioggia);Asfaltata;Verticale ed orizzontale;Pioggia in atto;Scarso;Buona;Ore Diurne;0;0;0;2;;;-1;2;Autovettura privata;In marcia / fermata / arresto;Conducente;F;Illeso;0;;Utilizzato;Esploso
1751872;12;31/01/2008 16:30;Strada Urbana;VIA LAURENTINA;all'intersezione con;VIA DEGLI ARTIFICIERI;VIA DEGLI ARTIFICIERI;;;Scontro laterale fra veicoli in marcia;Incrocio;Una carreggiata a senso unico di marcia;Asciutto;Asfaltata;Verticale ed orizzontale;Nuvoloso;Normale;Buona;Ore Diurne;0;0;0;3;;;-1;1;Autovettura privata;In marcia / fermata / arresto;Conducente;F;Illeso;0;;Utilizzato;Inesploso
1751872;12;31/01/2008 16:30;Strada Urbana;VIA LAURENTINA;all'intersezione con;VIA DEGLI ARTIFICIERI;VIA DEGLI ARTIFICIERI;;;Scontro laterale fra veicoli in marcia;Incrocio;Una carreggiata a senso unico di marcia;Asciutto;Asfaltata;Verticale ed orizzontale;Nuvoloso;Normale;Buona;Ore Diurne;0;0;0;3;;;-1;2;Autovettura privata;In marcia / fermata / arresto;Conducente;M;Illeso;0;;Utilizzato;Inesploso
1751872;12;31/01/2008 16:30;Strada Urbana;VIA LAURENTINA;all'intersezione con;VIA DEGLI ARTIFICIERI;VIA DEGLI ARTIFICIERI;;;Scontro laterale fra veicoli in marcia;Incrocio;Una carreggiata a senso unico di marcia;Asciutto;Asfaltata;Verticale ed orizzontale;Nuvoloso;Normale;Buona;Ore Diurne;0;0;0;3;;;-1;2;Autovettura privata;In marcia / fermata / arresto;Passeggero;F;Illeso;0;;Utilizzato;Inesploso
1751873;13;31/01/2008 11:00;Strada Urbana;VIA GASTONE MASPERO;in corrispondenza;;del civico n. ;7;;Scontro frontale/laterale SX fra veicoli in marcia;Rettilineo;Una carreggiata a doppio senso;Bagnato (umidità in atto);Asfaltata;Assente;Nuvoloso;Scarso;Buona;Ore Diurne;0;0;0;4;;;-1;1;Autovettura privata;In marcia / fermata / arresto;Conducente;M;Illeso;0;;Non accertato;Inesploso
1751873;13;31/01/2008 11:00;Strada Urbana;VIA GASTONE MASPERO;in corrispondenza;;del civico n. ;7;;Scontro frontale/laterale SX fra veicoli in marcia;Rettilineo;Una carreggiata a doppio senso;Bagnato (umidità in atto);Asfaltata;Assente;Nuvoloso;Scarso;Buona;Ore Diurne;0;0;0;4;;;-1;2;Autovettura privata;In marcia / fermata / arresto;Conducente;M;Illeso;0;;Non accertato;Inesploso
1751873;13;31/01/2008 11:00;Strada Urbana;VIA GASTONE MASPERO;in corrispondenza;;del civico n. ;7;;Scontro frontale/laterale SX fra veicoli in marcia;Rettilineo;Una carreggiata a doppio senso;Bagnato (umidità in atto);Asfaltata;Assente;Nuvoloso;Scarso;Buona;Ore Diurne;0;0;0;4;;;-1;2;Autovettura privata;In marcia / fermata / arresto;Passeggero;F;Illeso;0;;Non accertato;Esploso
1751873;13;31/01/2008 11:00;Strada Urbana;VIA GASTONE MASPERO;in corrispondenza;;del civico n. ;7;;Scontro frontale/laterale SX fra veicoli in marcia;Rettilineo;Una carreggiata a doppio senso;Bagnato (umidità in atto);Asfaltata;Assente;Nuvoloso;Scarso;Buona;Ore Diurne;0;0;0;4;;;-1;2;Autovettura privata;In marcia / fermata / arresto;Passeggero;M;Illeso;0;;Non accertato;Inesploso
1751874;13;31/01/2008 12:40;Comunale extraurbana;VIA DI CASTEL FUSANO;all'intersezione con;VIA OSTIENSE;VIA OSTIENSE;;;Scontro laterale fra veicoli in marcia;Intersezione semaforizzata;Una carreggiata a doppio senso;Asciutto;Asfaltata;Orizzontale;Nuvoloso;Intenso;Buona;Ore Diurne;0;0;0;3;;;-1;1;Autocarro inferiore 35 q.;In marcia / fermata / arresto;Conducente;M;Illeso;0;;Non accertato;Inesistente
1751874;13;31/01/2008 12:40;Comunale extraurbana;VIA DI CASTEL FUSANO;all'intersezione con;VIA OSTIENSE;VIA OSTIENSE;;;Scontro laterale fra veicoli in marcia;Intersezione semaforizzata;Una carreggiata a doppio senso;Asciutto;Asfaltata;Orizzontale;Nuvoloso;Intenso;Buona;Ore Diurne;0;0;0;3;;;-1;1;Autocarro inferiore 35 q.;In marcia / fermata / arresto;Passeggero;M;Illeso;0;;Non accertato;Inesistente
1751874;13;31/01/2008 12:40;Comunale extraurbana;VIA DI CASTEL FUSANO;all'intersezione con;VIA OSTIENSE;VIA OSTIENSE;;;Scontro laterale fra veicoli in marcia;Intersezione semaforizzata;Una carreggiata a doppio senso;Asciutto;Asfaltata;Orizzontale;Nuvoloso;Intenso;Buona;Ore Diurne;0;0;0;3;;;-1;2;Autocarro inferiore 35 q.;In marcia / fermata / arresto;Conducente;M;Illeso;0;;Non accertato;Inesistente
1751875;13;31/01/2008 16:10;Strada Urbana;PIAZZALE DELLA STAZIONE DEL LIDO;da specificare;;;;alt. parcheggio giardini pubblici;Scontro frontale/laterale SX fra veicoli in marcia;Rettilineo;Una carreggiata a senso unico di marcia;Asciutto;Asfaltata;Orizzontale;Nuvoloso;Normale;Buona;Ore Diurne;0;0;0;3;;;-1;1;Autovettura privata;In marcia / fermata / arresto;Conducente;F;Illeso;0;;Non accertato;Inesploso
1751875;13;31/01/2008 16:10;Strada Urbana;PIAZZALE DELLA STAZIONE DEL LIDO;da specificare;;;;alt. parcheggio giardini pubblici;Scontro frontale/laterale SX fra veicoli in marcia;Rettilineo;Una carreggiata a senso unico di marcia;Asciutto;Asfaltata;Orizzontale;Nuvoloso;Normale;Buona;Ore Diurne;0;0;0;3;;;-1;2;Autovettura privata;In marcia / fermata / arresto;Conducente;M;Illeso;0;;Non accertato;Inesistente
1751875;13;31/01/2008 16:10;Strada Urbana;PIAZZALE DELLA STAZIONE DEL LIDO;da specificare;;;;alt. parcheggio giardini pubblici;Scontro frontale/laterale SX fra veicoli in marcia;Rettilineo;Una carreggiata a senso unico di marcia;Asciutto;Asfaltata;Orizzontale;Nuvoloso;Normale;Buona;Ore Diurne;0;0;0;3;;;-1;2;Autovettura privata;In marcia / fermata / arresto;Passeggero;M;Illeso;0;;Non accertato;Inesistente
1751876;15;31/01/2008 08:55;Strada Urbana;VIA ANTONIO PACINOTTI;all'intersezione semaforizzata con;PIAZZA DELLA RADIO;PIAZZA DELLA RADIO;;;Scontro frontale/laterale DX fra veicoli in marcia;Intersezione stradale segnalata;Una carreggiata a doppio senso;Asciutto;Asfaltata;Verticale ed orizzontale;Nuvoloso;Normale;Buona;Ore Diurne;1;0;0;1;;;-1;1;Autovettura privata;In marcia / fermata / arresto;Conducente;F;Illeso;0;;Utilizzato;Inesistente
1751876;15;31/01/2008 08:55;Strada Urbana;VIA ANTONIO PACINOTTI;all'intersezione semaforizzata con;PIAZZA DELLA RADIO;PIAZZA DELLA RADIO;;;Scontro frontale/laterale DX fra veicoli in marcia;Intersezione stradale segnalata;Una carreggiata a doppio senso;Asciutto;Asfaltata;Verticale ed orizzontale;Nuvoloso;Normale;Buona;Ore Diurne;1;0;0;1;;;-1;2;Motociclo a solo;In marcia / fermata / arresto;Conducente;M;Rimandato;0;NON DECEDUTO;Utilizzato;Inesistente
1751877;15;31/01/2008 09:50;Strada Urbana;LUNGOTEVERE DI PIETRA PAPA;in corrispondenza;;del civico n. ;27;;Infortunio per caduta del veicolo;Rettilineo;Due carreggiate;Asciutto;Asfaltata;Orizzontale;Sereno;Scarso;Buona;Ore Diurne;0;0;0;2;;;-1;1;Motociclo a solo;In marcia / fermata / arresto;Conducente;M;Illeso;0;;Utilizzato;Inesistente
1751877;15;31/01/2008 09:50;Strada Urbana;LUNGOTEVERE DI PIETRA PAPA;in corrispondenza;;del civico n. ;27;;Infortunio per caduta del veicolo;Rettilineo;Due carreggiate;Asciutto;Asfaltata;Orizzontale;Sereno;Scarso;Buona;Ore Diurne;0;0;0;2;;;-1;2;Autocarro inferiore 35 q.;In marcia / fermata / arresto;Conducente;M;Illeso;0;;Utilizzato;Inesistente
1751878;15;31/01/2008 16:05;Strada Urbana;VIA GIOVANNI VOLPATO;da specificare;;;;fornice centrale ferrovia;Tamponamento;Rettilineo;Una carreggiata a doppio senso;Asciutto;Asfaltata;Orizzontale;Sereno;Normale;Buona;Ore Diurne;0;0;0;4;;;-1;1;Autovettura pubblica;In marcia / fermata / arresto;Conducente;M;Illeso;0;;Utilizzato;Inesistente
1751878;15;31/01/2008 16:05;Strada Urbana;VIA GIOVANNI VOLPATO;da specificare;;;;fornice centrale ferrovia;Tamponamento;Rettilineo;Una carreggiata a doppio senso;Asciutto;Asfaltata;Orizzontale;Sereno;Normale;Buona;Ore Diurne;0;0;0;4;;;-1;1;Autovettura pubblica;In marcia / fermata / arresto;Passeggero;F;Illeso;0;;Utilizzato;Inesistente
1751878;15;31/01/2008 16:05;Strada Urbana;VIA GIOVANNI VOLPATO;da specificare;;;;fornice centrale ferrovia;Tamponamento;Rettilineo;Una carreggiata a doppio senso;Asciutto;Asfaltata;Orizzontale;Sereno;Normale;Buona;Ore Diurne;0;0;0;4;;;-1;1;Autovettura pubblica;In marcia / fermata / arresto;Passeggero;F;Illeso;0;;Utilizzato;Inesistente
1751878;15;31/01/2008 16:05;Strada Urbana;VIA GIOVANNI VOLPATO;da specificare;;;;fornice centrale ferrovia;Tamponamento;Rettilineo;Una carreggiata a doppio senso;Asciutto;Asfaltata;Orizzontale;Sereno;Normale;Buona;Ore Diurne;0;0;0;4;;;-1;2;Autovettura privata;In marcia / fermata / arresto;Conducente;F;Illeso;0;;Utilizzato;Inesistente
1751879;15;31/01/2008 23:15;Strada Urbana;VIA VINCENZO BRUNACCI;all'intersezione con;VIA ANTONIO ROITI;VIA ANTONIO ROITI;;;Veicolo in marcia contro ostacolo accidentale;Incrocio;Una carreggiata a senso unico di marcia;Asciutto;Asfaltata;Assente;Sereno;Scarso;Buona;Sufficiente;0;0;0;1;;;-1;1;Motociclo a solo;In marcia / fermata / arresto;Conducente;M;Illeso;0;;Utilizzato;Inesistente
1751880;16;22/01/2008 06:45;Strada Urbana;VIA DI BRAVA;in prossimità;;del civico n. ;116/a;;Fuoriuscita dalla sede stradale;Curva senza visuale libera;Una carreggiata a doppio senso;Bagnato (umidità in atto);Asfaltata;Orizzontale;Nuvoloso;Normale;Insufficiente;Inesistente;0;0;0;1;;;-1;1;Autovettura privata;In marcia / fermata / arresto;Conducente;M;Illeso;0;;Non accertato;Inesistente
1751886;18;31/01/2008 12:00;Strada Urbana;VIA DELLA PINETA SACCHETTI;in prossimità;;del civico n. ;53A;;Tamponamento;Rettilineo;Una carreggiata a doppio senso;Asciutto;Asfaltata;Verticale ed orizzontale;Nuvoloso;Normale;Buona;Ore Diurne;2;0;0;0;;;-1;1;Autovettura privata;In marcia / fermata / arresto;Conducente;F;Rifiuta cure immediate;0;NON DECEDUTO;Non accertato;Inesploso
1751886;18;31/01/2008 12:00;Strada Urbana;VIA DELLA PINETA SACCHETTI;in prossimità;;del civico n. ;53A;;Tamponamento;Rettilineo;Una carreggiata a doppio senso;Asciutto;Asfaltata;Verticale ed orizzontale;Nuvoloso;Normale;Buona;Ore Diurne;2;0;0;0;;;-1;2;Autovettura privata;In marcia / fermata / arresto;Conducente;F;Rifiuta cure immediate;0;NON DECEDUTO;Non accertato;Inesistente
1751887;18;30/01/2008 20:00;Strada Urbana;PIAZZA DEI GIURECONSULTI;all'intersezione con;VIA DI BOCCEA;VIA DI BOCCEA;;;Scontro laterale fra veicoli in marcia;Incrocio;Due carreggiate;Asciutto;Asfaltata;Verticale ed orizzontale;Sereno;Normale;Buona;Sufficiente;0;0;0;4;;;-1;1;Autovettura privata;In marcia / fermata / arresto;Conducente;F;Illeso;0;;Non accertato;Inesistente
1751887;18;30/01/2008 20:00;Strada Urbana;PIAZZA DEI GIURECONSULTI;all'intersezione con;VIA DI BOCCEA;VIA DI BOCCEA;;;Scontro laterale fra veicoli in marcia;Incrocio;Due carreggiate;Asciutto;Asfaltata;Verticale ed orizzontale;Sereno;Normale;Buona;Sufficiente;0;0;0;4;;;-1;2;Autovettura privata;In marcia / fermata / arresto;Conducente;M;Illeso;0;;Non accertato;Inesistente
1751887;18;30/01/2008 20:00;Strada Urbana;PIAZZA DEI GIURECONSULTI;all'intersezione con;VIA DI BOCCEA;VIA DI BOCCEA;;;Scontro laterale fra veicoli in marcia;Incrocio;Due carreggiate;Asciutto;Asfaltata;Verticale ed orizzontale;Sereno;Normale;Buona;Sufficiente;0;0;0;4;;;-1;2;Autovettura privata;In marcia / fermata / arresto;Passeggero;F;Illeso;0;;Non accertato;Inesistente
1751887;18;30/01/2008 20:00;Strada Urbana;PIAZZA DEI GIURECONSULTI;all'intersezione con;VIA DI BOCCEA;VIA DI BOCCEA;;;Scontro laterale fra veicoli in marcia;Incrocio;Due carreggiate;Asciutto;Asfaltata;Verticale ed orizzontale;Sereno;Normale;Buona;Sufficiente;0;0;0;4;;;-1;2;Autovettura privata;In marcia / fermata / arresto;Passeggero;F;Illeso;0;;Non accertato;Inesistente
1751888;18;31/01/2008 07:45;Strada Urbana;VIA PESSINETTO;all'intersezione con;VIA MONTECASTELLO;VIA MONTECASTELLO;;;Scontro frontale/laterale DX fra veicoli in marcia;Incrocio;Una carreggiata a doppio senso;Bagnato (umidità in atto);Asfaltata;Assente;Sereno;Scarso;Buona;Ore Diurne;0;0;0;2;;;-1;1;Autovettura privata;In marcia / fermata / arresto;Conducente;M;Illeso;0;;Non accertato;Esploso
1751888;18;31/01/2008 07:45;Strada Urbana;VIA PESSINETTO;all'intersezione con;VIA MONTECASTELLO;VIA MONTECASTELLO;;;Scontro frontale/laterale DX fra veicoli in marcia;Incrocio;Una carreggiata a doppio senso;Bagnato (umidità in atto);Asfaltata;Assente;Sereno;Scarso;Buona;Ore Diurne;0;0;0;2;;;-1;2;Autocarro inferiore 35 q.;In marcia / fermata / arresto;Conducente;M;Illeso;0;;Non accertato;Inesistente
1751889;18;31/01/2008 09:10;Strada Urbana;VIA DI BOCCEA;all'intersezione semaforizzata con;VIA NAZARETH;VIA NAZARETH;;;Scontro laterale fra veicoli in marcia;Incrocio;Due carreggiate;Asciutto;Asfaltata;Verticale ed orizzontale;Nuvoloso;Intenso;Buona;Ore Diurne;1;0;0;1;;;-1;1;Autobus in extraurbana;In marcia / fermata / arresto;Conducente;M;Illeso;0;;Non accertato;Inesistente
1751889;18;31/01/2008 09:10;Strada Urbana;VIA DI BOCCEA;all'intersezione semaforizzata con;VIA NAZARETH;VIA NAZARETH;;;Scontro laterale fra veicoli in marcia;Incrocio;Due carreggiate;Asciutto;Asfaltata;Verticale ed orizzontale;Nuvoloso;Intenso;Buona;Ore Diurne;1;0;0;1;;;-1;2;Motociclo a solo;In marcia / fermata / arresto;Conducente;F;Rimandato;0;NON DECEDUTO;Non accertato;Inesistente
1751890;18;31/01/2008 11:00;Strada Urbana;VIA NAZARETH;in prossimità;;del civico n. ;150;;Scontro frontale/laterale DX fra veicoli in marcia;Rettilineo;Una carreggiata a doppio senso;Bagnato (umidità in atto);Asfaltata;Verticale ed orizzontale;Nuvoloso;Normale;Buona;Ore Diurne;1;0;0;1;;;-1;1;Autocarro inferiore 35 q.;In marcia / fermata / arresto;Conducente;M;Rifiuta cure immediate;0;NON DECEDUTO;Non accertato;Esploso
1751890;18;31/01/2008 11:00;Strada Urbana;VIA NAZARETH;in prossimità;;del civico n. ;150;;Scontro frontale/laterale DX fra veicoli in marcia;Rettilineo;Una carreggiata a doppio senso;Bagnato (umidità in atto);Asfaltata;Verticale ed orizzontale;Nuvoloso;Normale;Buona;Ore Diurne;1;0;0;1;;;-1;2;Autovettura privata;In marcia / fermata / arresto;Conducente;M;Illeso;0;;Non accertato;Inesistente
1751891;18;31/01/2008 17:07;Strada Urbana;VIA DI TORREVECCHIA;in prossimità;;del civico n. ;1050;;Scontro frontale/laterale DX fra veicoli in marcia;Rettilineo;Una carreggiata a doppio senso;Asciutto;Asfaltata;Verticale ed orizzontale;Nuvoloso;Normale;Buona;Ore Diurne;0;0;0;3;;;-1;1;Autovettura privata;In marcia / fermata / arresto;Conducente;F;Illeso;0;;Non accertato;Inesistente
1751891;18;31/01/2008 17:07;Strada Urbana;VIA DI TORREVECCHIA;in prossimità;;del civico n. ;1050;;Scontro frontale/laterale DX fra veicoli in marcia;Rettilineo;Una carreggiata a doppio senso;Asciutto;Asfaltata;Verticale ed orizzontale;Nuvoloso;Normale;Buona;Ore Diurne;0;0;0;3;;;-1;1;Autovettura privata;In marcia / fermata / arresto;Passeggero;F;Illeso;0;;Non accertato;Inesistente
1751891;18;31/01/2008 17:07;Strada Urbana;VIA DI TORREVECCHIA;in prossimità;;del civico n. ;1050;;Scontro frontale/laterale DX fra veicoli in marcia;Rettilineo;Una carreggiata a doppio senso;Asciutto;Asfaltata;Verticale ed orizzontale;Nuvoloso;Normale;Buona;Ore Diurne;0;0;0;3;;;-1;2;Autovettura privata;In marcia / fermata / arresto;Conducente;M;Illeso;0;;Non accertato;Inesistente
1751893;19;31/01/2008 12:30;Strada Urbana;VIA MATTIA BATTISTINI;in prossimità;;del civico n. ;256;;Scontro laterale fra veicoli in marcia;Rettilineo;Una carreggiata a doppio senso;Bagnato (umidità in atto);Asfaltata;Verticale ed orizzontale;Nuvoloso;Normale;Buona;Ore Diurne;1;0;0;1;;;-1;1;Autovettura privata;In marcia / fermata / arresto;Conducente;M;Illeso;0;;Non accertato;Inesistente
1751893;19;31/01/2008 12:30;Strada Urbana;VIA MATTIA BATTISTINI;in prossimità;;del civico n. ;256;;Scontro laterale fra veicoli in marcia;Rettilineo;Una carreggiata a doppio senso;Bagnato (umidità in atto);Asfaltata;Verticale ed orizzontale;Nuvoloso;Normale;Buona;Ore Diurne;1;0;0;1;;;-1;2;Motociclo a solo;In marcia / fermata / arresto;Conducente;M;Rimandato;0;NON DECEDUTO;Non accertato;Inesistente
1751894;19;31/01/2008 15:30;Strada Urbana;VIA MASSIMI;all'intersezione con;VIA DECIO FILIPPONI;VIA DECIO FILIPPONI;;;Scontro frontale/laterale DX fra veicoli in marcia;Incrocio;Una carreggiata a doppio senso;Asciutto;Asfaltata;Verticale ed orizzontale;Nuvoloso;Normale;Buona;Ore Diurne;0;0;0;2;;;-1;1;Autovettura privata;In marcia / fermata / arresto;Conducente;F;Illeso;0;;Utilizzato;Inesistente
1751894;19;31/01/2008 15:30;Strada Urbana;VIA MASSIMI;all'intersezione con;VIA DECIO FILIPPONI;VIA DECIO FILIPPONI;;;Scontro frontale/laterale DX fra veicoli in marcia;Incrocio;Una carreggiata a doppio senso;Asciutto;Asfaltata;Verticale ed orizzontale;Nuvoloso;Normale;Buona;Ore Diurne;0;0;0;2;;;-1;2;Quadriciclo leggero;In marcia / fermata / arresto;Conducente;F;Illeso;0;;Utilizzato;Inesistente
1751895;19;31/01/2008 18:45;Strada Urbana;VIA LUIGI ARBIB PASCUCCI;in prossimità;;del civico n. ;64;;Scontro laterale fra veicoli in marcia;Curva a visuale libera;Una carreggiata a senso unico di marcia;Asciutto;Asfaltata;Assente;Sereno;Normale;Buona;Sufficiente;0;0;0;3;;;-1;1;Autovettura privata;In marcia / fermata / arresto;Conducente;M;Illeso;0;;Non accertato;Inesistente
1751895;19;31/01/2008 18:45;Strada Urbana;VIA LUIGI ARBIB PASCUCCI;in prossimità;;del civico n. ;64;;Scontro laterale fra veicoli in marcia;Curva a visuale libera;Una carreggiata a senso unico di marcia;Asciutto;Asfaltata;Assente;Sereno;Normale;Buona;Sufficiente;0;0;0;3;;;-1;2;Autovettura privata;In marcia / fermata / arresto;Conducente;M;Illeso;0;;Non accertato;Inesistente
1751895;19;31/01/2008 18:45;Strada Urbana;VIA LUIGI ARBIB PASCUCCI;in prossimità;;del civico n. ;64;;Scontro laterale fra veicoli in marcia;Curva a visuale libera;Una carreggiata a senso unico di marcia;Asciutto;Asfaltata;Assente;Sereno;Normale;Buona;Sufficiente;0;0;0;3;;;-1;2;Autovettura privata;In marcia / fermata / arresto;Passeggero;M;Illeso;0;;Non accertato;Inesistente
1751896;19;31/01/2008 21:40;Strada Urbana;VIA TRIONFALE;da specificare;;;;prossimità VIA TROYA;Scontro laterale fra veicoli in marcia;Curva a visuale libera;Due carreggiate;Asciutto;Asfaltata;Verticale ed orizzontale;Sereno;Scarso;Buona;Sufficiente;0;0;0;2;;;-1;1;Autovettura privata;In marcia / fermata / arresto;Conducente;M;Illeso;0;;Utilizzato;Inesistente
1751896;19;31/01/2008 21:40;Strada Urbana;VIA TRIONFALE;da specificare;;;;prossimità VIA TROYA;Scontro laterale fra veicoli in marcia;Curva a visuale libera;Due carreggiate;Asciutto;Asfaltata;Verticale ed orizzontale;Sereno;Scarso;Buona;Sufficiente;0;0;0;2;;;-1;2;Autovettura privata;In marcia / fermata / arresto;Conducente;M;Illeso;0;;Utilizzato;Inesistente
1751897;19;31/01/2008 23:15;Strada Urbana;VIA DELLA PINETA SACCHETTI;da specificare;;;;corrispondenza con V. EMMA PERODI (svolta Gemelli);Tamponamento;Rettilineo;Una carreggiata a senso unico di marcia;Asciutto;Asfaltata;Verticale ed orizzontale;Sereno;Scarso;Buona;Sufficiente;1;0;0;2;;;-1;1;Autovettura privata;In marcia / fermata / arresto;Conducente;F;Rimandato;0;NON DECEDUTO;Utilizzato;Inesistente
1751897;19;31/01/2008 23:15;Strada Urbana;VIA DELLA PINETA SACCHETTI;da specificare;;;;corrispondenza con V. EMMA PERODI (svolta Gemelli);Tamponamento;Rettilineo;Una carreggiata a senso unico di marcia;Asciutto;Asfaltata;Verticale ed orizzontale;Sereno;Scarso;Buona;Sufficiente;1;0;0;2;;;-1;2;Autovettura privata;In marcia / fermata / arresto;Conducente;F;Illeso;0;;Utilizzato;Inesistente
1751897;19;31/01/2008 23:15;Strada Urbana;VIA DELLA PINETA SACCHETTI;da specificare;;;;corrispondenza con V. EMMA PERODI (svolta Gemelli);Tamponamento;Rettilineo;Una carreggiata a senso unico di marcia;Asciutto;Asfaltata;Verticale ed orizzontale;Sereno;Scarso;Buona;Sufficiente;1;0;0;2;;;-1;2;Autovettura privata;In marcia / fermata / arresto;Passeggero;F;Illeso;0;;Utilizzato;Inesistente
1751899;1;30/01/2008 20:30;Strada Urbana;VIALE DELLA PIRAMIDE CESTIA;in corrispondenza;;del civico n. ;3;;Scontro laterale fra veicoli in marcia;Rettilineo;Una carreggiata a doppio senso;Asciutto;Acciotolata;Verticale ed orizzontale;Nuvoloso;Normale;Sufficiente;Sufficiente;0;0;0;3;;;-1;1;Autovettura privata;In marcia / fermata / arresto;Conducente;F;Illeso;0;;Non accertato;Inesistente